year,month,day,dep_time,dep_delay,arr_time,arr_delay,carrier,tailnum,flight,origin,dest,air_time,distance,hour,minute
2013,1,1,517,2,830,11,UA,N14228,1545,EWR,IAH,227,1400,5,17
2013,1,1,533,4,850,20,UA,N24211,1714,LGA,IAH,227,1416,5,33
2013,1,1,542,2,923,33,AA,N619AA,1141,JFK,MIA,160,1089,5,42
2013,1,1,544,-1,1004,-18,B6,N804JB,725,JFK,BQN,183,1576,5,44
2013,1,1,554,-6,812,-25,DL,N668DN,461,LGA,ATL,116,762,6,54
2013,1,1,554,-4,740,12,UA,N39463,1696,EWR,ORD,150,719,6,54
2013,1,1,555,-5,913,19,B6,N516JB,507,EWR,FLL,158,1065,6,55
2013,1,1,557,-3,709,-14,EV,N829AS,5708,LGA,IAD,53,229,6,57
2013,1,1,557,-3,838,-8,B6,N593JB,79,JFK,MCO,140,944,6,57
2013,1,1,558,-2,753,8,AA,N3ALAA,301,LGA,ORD,138,733,6,58
2013,1,1,558,-2,849,-2,B6,N793JB,49,JFK,PBI,149,1028,6,58
2013,1,1,558,-2,853,-3,B6,N657JB,71,JFK,TPA,158,1005,6,58
2013,1,1,558,-2,924,7,UA,N29129,194,JFK,LAX,345,2475,6,58
2013,1,1,558,-2,923,-14,UA,N53441,1124,EWR,SFO,361,2565,6,58
2013,1,1,559,-1,941,31,AA,N3DUAA,707,LGA,DFW,257,1389,6,59
2013,1,1,559,0,702,-4,B6,N708JB,1806,JFK,BOS,44,187,6,59
2013,1,1,559,-1,854,-8,UA,N76515,1187,EWR,LAS,337,2227,6,59
2013,1,1,600,0,851,-7,B6,N595JB,371,LGA,FLL,152,1076,6,0
2013,1,1,600,0,837,12,MQ,N542MQ,4650,LGA,ATL,134,762,6,0
2013,1,1,601,1,844,-6,B6,N644JB,343,EWR,PBI,147,1023,6,1
2013,1,1,602,-8,812,-8,DL,N971DL,1919,LGA,MSP,170,1020,6,2
2013,1,1,602,-3,821,16,MQ,N730MQ,4401,LGA,DTW,105,502,6,2
2013,1,1,606,-4,858,-12,AA,N633AA,1895,EWR,MIA,152,1085,6,6
2013,1,1,606,-4,837,-8,DL,N3739P,1743,JFK,ATL,128,760,6,6
2013,1,1,607,0,858,-17,UA,N53442,1077,EWR,MIA,157,1085,6,7
2013,1,1,608,8,807,32,MQ,N9EAMQ,3768,EWR,ORD,139,719,6,8
2013,1,1,611,11,945,14,UA,N532UA,303,JFK,SFO,366,2586,6,11
2013,1,1,613,3,925,4,B6,N635JB,135,JFK,RSW,175,1074,6,13
2013,1,1,615,0,1039,-21,B6,N794JB,709,JFK,SJU,182,1598,6,15
2013,1,1,615,0,833,-9,DL,N326NB,575,EWR,ATL,120,746,6,15
2013,1,1,622,-8,1017,3,US,N807AW,245,EWR,PHX,342,2133,6,22
2013,1,1,623,13,920,5,AA,N3EMAA,1837,LGA,MIA,153,1096,6,23
2013,1,1,623,-4,933,1,UA,N459UA,496,LGA,IAH,229,1416,6,23
2013,1,1,624,-6,909,29,EV,N11107,4626,EWR,MSP,190,1008,6,24
2013,1,1,624,-6,840,10,MQ,N518MQ,4599,LGA,MSP,166,1020,6,24
2013,1,1,627,-3,1018,0,US,N535UW,27,JFK,PHX,330,2153,6,27
2013,1,1,628,-2,1137,-3,AA,N3BAAA,413,JFK,SJU,192,1598,6,28
2013,1,1,628,-2,1016,29,UA,N33289,1665,EWR,LAX,366,2454,6,28
2013,1,1,629,-1,824,14,AA,N3CYAA,303,LGA,ORD,140,733,6,29
2013,1,1,629,-1,721,-19,WN,N273WN,4646,LGA,BWI,40,185,6,29
2013,1,1,629,-1,824,-9,US,N426US,1019,EWR,CLT,91,529,6,29
2013,1,1,632,24,740,12,EV,N13553,4144,EWR,IAD,52,212,6,32
2013,1,1,635,0,1028,48,AA,N3GKAA,711,LGA,DFW,248,1389,6,35
2013,1,1,637,-8,930,-5,B6,N709JB,389,LGA,MCO,144,950,6,37
2013,1,1,639,-1,739,-10,B6,N805JB,1002,JFK,BOS,41,187,6,39
2013,1,1,643,-3,922,-18,UA,N497UA,556,EWR,PBI,146,1023,6,43
2013,1,1,643,-2,837,-11,US,N178US,926,EWR,CLT,91,529,6,43
2013,1,1,644,8,931,-9,UA,N75435,1701,EWR,FLL,151,1065,6,44
2013,1,1,645,-2,815,5,B6,N796JB,102,JFK,BUF,63,301,6,45
2013,1,1,646,1,910,-6,UA,N569UA,883,LGA,DEN,243,1620,6,46
2013,1,1,646,1,1023,-7,UA,N38727,1496,EWR,SNA,380,2434,6,46
2013,1,1,651,-4,936,-6,B6,N558JB,203,JFK,LAS,323,2248,7,51
2013,1,1,652,-3,932,11,B6,N178JB,117,JFK,MSY,191,1182,7,52
2013,1,1,653,-7,936,-33,DL,N327NW,1383,LGA,PBI,149,1035,7,53
2013,1,1,655,0,1021,-9,DL,N3763D,1415,JFK,SLC,294,1990,7,55
2013,1,1,655,-5,1037,-8,DL,N705TW,1865,JFK,SFO,362,2586,7,55
2013,1,1,655,-5,1002,-18,DL,N997DL,2003,LGA,MIA,161,1096,7,55
2013,1,1,656,-4,854,4,AA,N4WNAA,305,LGA,ORD,143,733,7,56
2013,1,1,656,-3,949,-10,AA,N5FMAA,1815,JFK,MCO,142,944,7,56
2013,1,1,656,-9,1007,27,MQ,N722MQ,4534,LGA,XNA,233,1147,7,56
2013,1,1,656,-4,948,-23,UA,N24212,1115,EWR,TPA,156,997,7,56
2013,1,1,657,-3,959,-14,DL,N318NB,1879,LGA,FLL,164,1076,7,57
2013,1,1,658,-2,944,5,DL,N6703D,1547,LGA,ATL,126,762,7,58
2013,1,1,658,-2,1027,2,VX,N627VA,399,JFK,LAX,361,2475,7,58
2013,1,1,659,-1,1008,-7,AA,N3EKAA,2279,LGA,MIA,159,1096,7,59
2013,1,1,659,-1,1008,1,B6,N646JB,981,JFK,FLL,156,1069,7,59
2013,1,1,659,-6,907,-6,DL,N998DL,831,LGA,DTW,105,502,7,59
2013,1,1,659,-1,959,-9,UA,N838UA,960,EWR,RSW,164,1068,7,59
2013,1,1,701,1,1123,-31,UA,N77296,1203,EWR,SJU,188,1608,7,1
2013,1,1,702,2,1058,44,B6,N779JB,671,JFK,LAX,381,2475,7,2
2013,1,1,709,9,852,20,UA,N26226,1092,LGA,ORD,135,733,7,9
2013,1,1,711,-4,1151,-15,B6,N651JB,715,JFK,SJU,190,1598,7,11
2013,1,1,712,-3,1023,-12,AA,N3ETAA,825,JFK,FLL,159,1069,7,12
2013,1,1,715,2,911,21,UA,N841UA,544,EWR,ORD,156,719,7,15
2013,1,1,717,-3,850,10,FL,N978AT,850,LGA,MKE,134,738,7,17
2013,1,1,719,-2,1017,5,B6,N562JB,987,JFK,MCO,147,944,7,19
2013,1,1,723,-2,1013,-4,UA,N514UA,962,EWR,PBI,153,1023,7,23
2013,1,1,724,-6,1111,31,AA,N541AA,715,LGA,DFW,254,1389,7,24
2013,1,1,724,-1,1020,-10,AS,N594AS,11,EWR,SEA,338,2402,7,24
2013,1,1,725,-5,1052,12,AA,N4WRAA,2083,EWR,DFW,238,1372,7,25
2013,1,1,727,-3,959,7,UA,N37462,1162,EWR,DEN,254,1605,7,27
2013,1,1,728,-4,1041,3,UA,N488UA,473,LGA,IAH,238,1416,7,28
2013,1,1,729,-1,1049,-26,VX,N635VA,11,JFK,SFO,356,2586,7,29
2013,1,1,732,-3,857,-1,B6,N304JB,20,JFK,ROC,64,264,7,32
2013,1,1,732,3,1041,2,B6,N563JB,1601,LGA,RSW,167,1080,7,32
2013,1,1,732,47,1011,30,UA,N37456,1111,EWR,MCO,145,937,7,32
2013,1,1,733,-3,854,4,B6,N552JB,44,JFK,SYR,54,209,7,33
2013,1,1,734,-3,1047,-26,B6,N625JB,643,JFK,SFO,350,2586,7,34
2013,1,1,739,-6,918,-12,AA,N4WPAA,309,LGA,ORD,137,733,7,39
2013,1,1,739,0,1104,26,UA,N37408,1479,EWR,IAH,249,1400,7,39
2013,1,1,741,-4,1038,2,B6,N633JB,983,LGA,TPA,158,1010,7,41
2013,1,1,743,13,1107,7,AA,N338AA,33,JFK,LAX,358,2475,7,43
2013,1,1,743,-6,1043,-11,B6,N624JB,341,JFK,SRQ,164,1041,7,43
2013,1,1,743,13,1059,3,DL,N3760C,495,JFK,SEA,349,2422,7,43
2013,1,1,745,0,1135,10,AA,N336AA,59,JFK,SFO,378,2586,7,45
2013,1,1,746,0,1119,-10,UA,N24224,1668,EWR,SFO,373,2565,7,46
2013,1,1,749,39,939,49,MQ,N508MQ,3737,EWR,ORD,148,719,7,49
2013,1,1,752,-3,1041,-18,DL,N325US,2263,LGA,MCO,140,950,8,52
2013,1,1,752,2,1025,-4,UA,N511UA,477,LGA,DEN,249,1620,8,52
2013,1,1,752,-7,955,-4,US,N543UW,1733,LGA,CLT,96,544,8,52
2013,1,1,753,-2,1056,-14,AA,N3HMAA,2267,LGA,MIA,157,1096,8,53
2013,1,1,754,-5,1039,-2,DL,N935DL,2047,LGA,ATL,126,762,8,54
2013,1,1,754,-1,1103,33,WN,N789SW,733,LGA,DEN,279,1620,8,54
2013,1,1,758,-2,1053,-1,B6,N645JB,517,EWR,MCO,142,937,8,58
2013,1,1,759,-1,1057,-30,DL,N955DL,1843,JFK,MIA,158,1089,8,59
2013,1,1,800,0,1022,8,DL,N317US,2119,LGA,MSP,171,1020,8,0
2013,1,1,800,-10,949,-6,MQ,N828MQ,4406,JFK,RDU,80,427,8,0
2013,1,1,801,-4,900,-19,B6,N206JB,1172,EWR,BOS,38,200,8,1
2013,1,1,803,-7,903,-22,AA,N3GEAA,1838,JFK,BOS,38,187,8,3
2013,1,1,803,3,1132,-12,UA,N510UA,223,JFK,SFO,369,2586,8,3
2013,1,1,804,-6,1103,-13,DL,N947DL,1959,JFK,MCO,147,944,8,4
2013,1,1,805,0,1015,10,B6,N273JB,219,JFK,CLT,98,541,8,5
2013,1,1,805,5,1118,12,B6,N570JB,3,JFK,FLL,165,1069,8,5
2013,1,1,805,-10,1006,-4,MQ,N739MQ,4490,LGA,CMH,101,479,8,5
2013,1,1,807,-3,1043,0,DL,N308DE,269,JFK,ATL,126,760,8,7
2013,1,1,809,-6,1043,-7,EV,N14542,4388,EWR,JAX,132,820,8,9
2013,1,1,810,0,1048,11,9E,N915XJ,3538,JFK,MSP,189,1029,8,10
2013,1,1,810,-5,1100,-28,DL,N349NW,2395,LGA,PBI,149,1035,8,10
2013,1,1,811,-4,1006,-26,EV,N11193,4260,EWR,CHS,101,628,8,11
2013,1,1,811,101,1047,137,MQ,N531MQ,4576,LGA,CLT,118,544,8,11
2013,1,1,811,-4,1026,10,US,N654AW,675,EWR,CLT,96,529,8,11
2013,1,1,812,-2,1040,23,EV,N17108,4537,EWR,MEM,180,946,8,12
2013,1,1,813,-2,1103,7,DL,N375NC,914,LGA,DEN,267,1620,8,13
2013,1,1,814,4,1047,17,FL,N977AT,346,LGA,ATL,132,762,8,14
2013,1,1,817,7,1005,17,B6,N228JB,1051,JFK,PIT,86,340,8,17
2013,1,1,820,0,1254,-16,B6,N527JB,717,JFK,SJU,190,1598,8,20
2013,1,1,820,-10,940,-14,DL,N324US,27,JFK,BOS,36,187,8,20
2013,1,1,820,0,1249,-40,DL,N900PC,301,JFK,SJU,182,1598,8,20
2013,1,1,821,1,1153,24,B6,N521JB,181,JFK,SAN,354,2446,8,21
2013,1,1,821,-4,932,-13,MQ,N846MQ,4418,JFK,DCA,52,213,8,21
2013,1,1,822,-8,1014,-2,EV,N12540,4104,LGA,CLE,91,419,8,22
2013,1,1,823,-2,1019,-5,US,N655AW,487,JFK,CLT,96,541,8,23
2013,1,1,823,0,1151,16,UA,N39728,1223,EWR,DFW,250,1372,8,23
2013,1,1,824,-6,1027,2,AA,N573AA,1855,LGA,STL,169,888,8,24
2013,1,1,825,-2,1058,-7,B6,N292JB,611,JFK,JAX,130,828,8,25
2013,1,1,826,71,1136,51,AA,N3GVAA,443,JFK,MIA,160,1089,8,26
2013,1,1,826,9,1145,-13,UA,N76522,1480,EWR,SFO,357,2565,8,26
2013,1,1,828,-2,1027,15,B6,N274JB,905,JFK,ORD,160,740,8,28
2013,1,1,828,5,1150,7,UA,N76528,1506,EWR,LAX,359,2454,8,28
2013,1,1,829,-1,1152,-8,UA,N554UA,443,JFK,LAX,360,2475,8,29
2013,1,1,829,-1,1117,-23,UA,N75425,1592,EWR,MCO,145,937,8,29
2013,1,1,830,0,1018,3,AA,N4YCAA,313,LGA,ORD,137,733,8,30
2013,1,1,830,-5,1052,-13,MQ,N513MQ,4610,LGA,ATL,123,762,8,30
2013,1,1,831,-4,1021,-18,EV,N13969,4412,EWR,MYR,92,550,8,31
2013,1,1,832,-8,1006,-24,MQ,N725MQ,4521,LGA,RDU,77,431,8,32
2013,1,1,833,-2,1134,32,F9,N203FR,835,LGA,DEN,257,1620,8,33
2013,1,1,835,0,1210,20,AA,N3BDAA,717,LGA,DFW,249,1389,8,35
2013,1,1,839,-11,1027,-8,MQ,N711MQ,4558,LGA,CLE,88,419,8,39
2013,1,1,840,-5,1311,-39,AA,N5FSAA,1357,JFK,SJU,188,1598,8,40
2013,1,1,840,-5,1053,-9,DL,N926DL,2304,JFK,DTW,108,509,8,40
2013,1,1,846,1,1138,-27,B6,N564JB,553,EWR,RSW,157,1068,8,46
2013,1,1,848,853,1001,851,MQ,N942MQ,3944,JFK,BWI,41,184,8,48
2013,1,1,848,-3,1155,19,UA,N27724,1741,EWR,JAC,275,1874,8,48
2013,1,1,851,0,1032,-4,EV,N19966,4548,EWR,RDU,75,416,9,51
2013,1,1,851,-8,1102,-3,DL,N361NB,869,EWR,DTW,106,488,9,51
2013,1,1,851,11,1215,9,UA,N39297,1626,EWR,SAN,367,2425,9,51
2013,1,1,852,-3,1046,26,WN,N777QC,3848,EWR,MDW,146,711,9,52
2013,1,1,853,8,1147,2,B6,N184JB,59,JFK,TPA,159,1005,9,53
2013,1,1,855,-4,1143,-2,DL,N646DL,1747,LGA,ATL,129,762,9,55
2013,1,1,856,-4,1226,6,AA,N324AA,1,JFK,LAX,358,2475,9,56
2013,1,1,856,-4,1222,-10,DL,N970DL,2143,LGA,MIA,158,1096,9,56
2013,1,1,856,1,1140,-23,UA,N75426,1296,EWR,PBI,150,1023,9,56
2013,1,1,857,-3,1516,-14,HA,N380HA,51,JFK,HNL,659,4983,9,57
2013,1,1,857,-8,1107,-13,DL,N321NB,181,LGA,DTW,110,502,9,57
2013,1,1,857,-3,1124,-9,DL,N371NB,485,EWR,ATL,125,746,9,57
2013,1,1,857,6,1157,-25,UA,N45440,1670,EWR,SEA,343,2402,9,57
2013,1,1,858,-2,1102,-8,MQ,N737MQ,4478,LGA,DTW,103,502,9,58
2013,1,1,859,-1,1140,-24,DL,N360NB,1885,LGA,MCO,140,950,9,59
2013,1,1,859,-1,1223,-2,VX,N846VA,407,JFK,LAX,359,2475,9,59
2013,1,1,900,0,1211,8,UA,N19130,1170,EWR,FLL,161,1065,9,0
2013,1,1,902,-1,1048,3,UA,N820UA,580,EWR,ORD,145,719,9,2
2013,1,1,903,43,1045,50,MQ,N532MQ,4655,LGA,BNA,142,764,9,3
2013,1,1,904,-2,1207,-19,UA,N77525,1401,EWR,MIA,158,1085,9,4
2013,1,1,905,0,1309,40,B6,N281JB,1061,JFK,AUS,263,1521,9,5
2013,1,1,906,23,1134,9,UA,N17139,1643,EWR,DEN,246,1605,9,6
2013,1,1,908,-2,1020,-7,B6,N203JB,56,JFK,BTV,52,266,9,8
2013,1,1,908,-7,1004,-29,US,N959UW,1467,LGA,PHL,32,96,9,8
2013,1,1,908,0,1228,9,UA,N12216,1220,EWR,IAH,233,1400,9,8
2013,1,1,909,59,1331,16,AA,N5EXAA,655,JFK,STT,184,1623,9,9
2013,1,1,912,12,1241,21,AA,N5CRAA,647,JFK,MIA,166,1089,9,12
2013,1,1,912,6,1219,-7,UA,N38403,1601,EWR,MIA,159,1085,9,12
2013,1,1,913,-5,1346,-30,UA,N24715,1519,EWR,STT,189,1634,9,13
2013,1,1,914,-6,1244,4,AA,N517AA,1589,EWR,DFW,238,1372,9,14
2013,1,1,914,14,1058,15,UA,N810UA,783,EWR,CLE,85,404,9,14
2013,1,1,917,-3,1313,28,AA,N596AA,721,LGA,DFW,258,1389,9,17
2013,1,1,917,2,1206,-5,B6,N568JB,41,JFK,MCO,145,944,9,17
2013,1,1,917,-3,1052,-16,B6,N216JB,1103,JFK,RDU,80,427,9,17
2013,1,1,920,15,1039,14,B6,N346JB,1305,JFK,IAD,52,228,9,20
2013,1,1,920,0,1152,27,MQ,N527MQ,4582,LGA,CLT,92,544,9,20
2013,1,1,921,21,1237,10,DL,N713TW,120,JFK,LAX,333,2475,9,21
2013,1,1,923,4,1026,-4,B6,N580JB,1004,JFK,BOS,38,187,9,23
2013,1,1,926,-3,1404,-17,B6,N775JB,215,EWR,SJU,191,1608,9,26
2013,1,1,926,4,1221,2,B6,N534JB,57,JFK,PBI,151,1028,9,26
2013,1,1,926,-2,1233,13,UA,N27733,1597,EWR,EGE,287,1726,9,26
2013,1,1,927,-3,1231,-26,DL,N951DL,1335,LGA,RSW,166,1080,9,27
2013,1,1,929,0,1028,-14,EV,N11551,4636,EWR,DCA,43,199,9,29
2013,1,1,929,4,1220,30,WN,N957WN,766,EWR,DEN,264,1605,9,29
2013,1,1,930,25,1218,9,UA,N57439,1148,EWR,TPA,149,997,9,30
2013,1,1,931,1,1237,-1,B6,N508JB,375,LGA,FLL,161,1076,9,31
2013,1,1,931,1,1121,13,UA,N479UA,255,LGA,ORD,154,733,9,31
2013,1,1,932,2,1219,-6,VX,N641VA,251,JFK,LAS,324,2248,9,32
2013,1,1,933,-4,1057,-5,B6,N503JB,4,JFK,BUF,66,301,9,33
2013,1,1,933,29,1252,42,B6,N579JB,17,JFK,FLL,170,1069,9,33
2013,1,1,933,-2,1120,15,WN,N487WN,3895,LGA,MDW,145,725,9,33
2013,1,1,936,-4,1235,-16,DL,N975DL,2137,LGA,TPA,159,1010,9,36
2013,1,1,936,-9,1257,-12,DL,N900DE,1903,LGA,SRQ,169,1047,9,36
2013,1,1,937,-3,1238,3,B6,N615JB,361,LGA,PBI,154,1035,9,37
2013,1,1,937,-3,1127,7,WN,N729SW,1807,LGA,MKE,143,738,9,37
2013,1,1,940,-5,1119,-11,AA,N4WJAA,319,LGA,ORD,133,733,9,40
2013,1,1,940,-15,1226,6,MQ,N525MQ,4654,LGA,ATL,129,762,9,40
2013,1,1,941,-4,1300,2,B6,N806JB,679,JFK,LAX,352,2475,9,41
2013,1,1,946,-13,1146,-16,EV,N15912,4175,EWR,AVL,105,583,9,46
2013,1,1,947,-6,1053,-17,B6,N306JB,600,JFK,PWM,47,273,9,47
2013,1,1,950,-4,1155,13,EV,N12567,4681,EWR,STL,170,872,10,50
2013,1,1,953,-6,1141,12,MQ,N6EAMQ,4670,LGA,BNA,144,764,10,53
2013,1,1,953,32,1320,39,UA,N586UA,222,EWR,LAX,346,2454,10,53
2013,1,1,955,-5,1336,11,US,N642AW,75,EWR,PHX,324,2133,10,55
2013,1,1,956,-4,1241,0,DL,N956DL,1847,LGA,ATL,129,762,10,56
2013,1,1,957,144,1056,123,UA,N534UA,856,EWR,BOS,37,200,10,57
2013,1,1,959,-3,1313,-6,DL,N965DL,2379,LGA,FLL,151,1076,10,59
2013,1,1,959,-1,1151,-15,US,N765US,1177,LGA,CLT,90,544,10,59
2013,1,1,1003,-7,1255,-25,B6,N565JB,503,EWR,FLL,152,1065,10,3
2013,1,1,1003,4,1408,39,US,N541UW,196,JFK,PHX,342,2153,10,3
2013,1,1,1005,5,1239,5,UA,N81449,1625,EWR,DEN,254,1605,10,5
2013,1,1,1007,-3,1147,7,MQ,N503MQ,3795,EWR,ORD,131,719,10,7
2013,1,1,1009,-6,1219,-10,DL,N933DL,2319,LGA,MSP,160,1020,10,9
2013,1,1,1010,-5,1204,-6,US,N162UW,1103,EWR,CLT,90,529,10,10
2013,1,1,1010,-5,1225,11,US,N712US,1441,JFK,CLT,97,541,10,10
2013,1,1,1011,10,1133,5,EV,N820AS,5736,LGA,IAD,59,229,10,11
2013,1,1,1011,-4,1246,-21,DL,N399DA,1529,JFK,LAS,320,2248,10,11
2013,1,1,1021,-2,1254,2,FL,N942AT,347,LGA,ATL,129,762,10,21
2013,1,1,1024,-5,1140,-10,EV,N14905,4709,EWR,BUF,59,282,10,24
2013,1,1,1024,-6,1204,-11,MQ,N719MQ,4471,LGA,RDU,78,431,10,24
2013,1,1,1025,5,1356,26,AA,N3FXAA,731,LGA,DFW,247,1389,10,25
2013,1,1,1025,34,1258,-4,UA,N437UA,501,EWR,MCO,137,937,10,25
2013,1,1,1026,-4,1351,11,AA,N328AA,19,JFK,LAX,356,2475,10,26
2013,1,1,1028,2,1350,11,UA,N76508,1004,LGA,IAH,237,1416,10,28
2013,1,1,1029,-1,1427,32,AA,N325AA,179,JFK,SFO,389,2586,10,29
2013,1,1,1030,-5,1229,-17,EV,N11189,4277,EWR,CHS,100,628,10,30
2013,1,1,1031,1,1353,-22,VX,N625VA,23,JFK,SFO,363,2586,10,31
2013,1,1,1031,1,1323,-11,UA,N77258,1294,EWR,FLL,157,1065,10,31
2013,1,1,1032,-3,1305,15,EV,N13955,4180,EWR,IND,135,645,10,32
2013,1,1,1033,16,1130,-6,UA,N849UA,779,EWR,BOS,42,200,10,33
2013,1,1,1037,7,1221,11,AA,N581AA,321,LGA,ORD,133,733,10,37
2013,1,1,1038,8,1223,21,UA,N423UA,985,EWR,ORD,149,719,10,38
2013,1,1,1042,2,1325,-1,B6,N529JB,31,JFK,MCO,142,944,10,42
2013,1,1,1044,-1,1231,19,EV,N15555,4322,EWR,MKE,151,725,10,44
2013,1,1,1044,-1,1352,1,UA,N667UA,455,EWR,IAH,229,1400,10,44
2013,1,1,1044,3,1339,-11,UA,N76503,1060,EWR,RSW,157,1068,10,44
2013,1,1,1047,-8,1359,-6,AA,N3AVAA,739,LGA,DFW,230,1389,10,47
2013,1,1,1047,-3,1401,-9,DL,N3748Y,1275,JFK,SLC,295,1990,10,47
2013,1,1,1048,-2,1302,12,MQ,N537MQ,4589,LGA,DTW,112,502,10,48
2013,1,1,1053,3,1402,4,B6,N520JB,373,LGA,FLL,165,1076,11,53
2013,1,1,1054,-5,1326,-13,DL,N920DE,1647,LGA,ATL,129,762,11,54
2013,1,1,1056,-3,1203,-6,EV,N11544,4479,EWR,PWM,51,284,11,56
2013,1,1,1056,-4,1407,-6,DL,N917DL,2185,LGA,TPA,158,1010,11,56
2013,1,1,1058,-2,1210,-6,US,N951UW,2171,LGA,DCA,50,214,11,58
2013,1,1,1059,-1,1201,-14,WN,N505SW,321,LGA,BWI,43,185,11,59
2013,1,1,1059,-1,1210,-5,MQ,N509MQ,3792,JFK,DCA,50,213,11,59
2013,1,1,1059,6,1342,-9,UA,N451UA,369,EWR,LAS,325,2227,11,59
2013,1,1,1101,18,1345,13,B6,N630JB,545,EWR,PBI,145,1023,11,1
2013,1,1,1103,3,1410,-11,DL,N339NW,2071,LGA,MIA,155,1096,11,3
2013,1,1,1105,18,1428,23,UA,N521UA,688,EWR,SFO,356,2565,11,5
2013,1,1,1107,-8,1305,-5,MQ,N730MQ,4485,LGA,CMH,95,479,11,7
2013,1,1,1109,-6,1402,-23,AA,N3GSAA,2099,LGA,MIA,157,1096,11,9
2013,1,1,1111,-4,1222,-4,B6,N279JB,24,JFK,BTV,52,266,11,11
2013,1,1,1112,12,1440,2,UA,N517UA,285,JFK,SFO,364,2586,11,12
2013,1,1,1113,-2,1318,3,DL,N320NB,1031,LGA,DTW,104,502,11,13
2013,1,1,1114,134,1447,145,UA,N76502,1086,LGA,IAH,248,1416,11,14
2013,1,1,1120,96,1331,78,EV,N16561,4495,EWR,SAV,117,708,11,20
2013,1,1,1120,-5,1330,5,WN,N469WN,1057,LGA,STL,176,888,11,20
2013,1,1,1123,13,1410,34,UA,N587UA,405,LGA,DEN,256,1620,11,23
2013,1,1,1124,24,1435,4,B6,N590JB,641,JFK,SFO,349,2586,11,24
2013,1,1,1124,-1,1445,0,DL,N376NW,1171,LGA,RSW,169,1080,11,24
2013,1,1,1125,-5,1325,-7,US,N169UW,1085,LGA,CLT,94,544,11,25
2013,1,1,1127,-2,1303,-6,EV,N14180,4294,EWR,RDU,73,416,11,27
2013,1,1,1127,-3,1504,16,UA,N518UA,703,JFK,LAX,357,2475,11,27
2013,1,1,1127,-2,1421,-4,UA,N14118,1143,EWR,PBI,156,1023,11,27
2013,1,1,1128,-1,1422,-15,UA,N496UA,987,EWR,TPA,156,997,11,28
2013,1,1,1130,5,1301,-4,AA,N3DEAA,327,LGA,ORD,127,733,11,30
2013,1,1,1130,-1,1345,3,DL,N343NB,2219,LGA,MSP,166,1020,11,30
2013,1,1,1132,-3,1324,-6,MQ,N856MQ,4553,LGA,CLE,89,419,11,32
2013,1,1,1133,4,1440,3,B6,N652JB,133,JFK,RSW,168,1074,11,33
2013,1,1,1133,3,1448,-2,VX,N839VA,409,JFK,LAX,347,2475,11,33
2013,1,1,1135,-5,1429,-16,AA,N3EYAA,1623,EWR,MIA,156,1085,11,35
2013,1,1,1137,-3,1445,-6,DL,N999DN,2175,LGA,PBI,153,1035,11,37
2013,1,1,1143,-2,1512,5,UA,N39726,1010,EWR,SNA,371,2434,11,43
2013,1,1,1144,-1,1422,11,EV,N695CA,4876,EWR,ATL,126,746,11,44
2013,1,1,1147,-8,1335,8,FL,N932AT,353,LGA,CAK,82,397,11,47
2013,1,1,1150,-6,1302,-12,EV,N21144,4693,EWR,SYR,46,195,12,50
2013,1,1,1153,-6,1350,9,EV,N29917,4275,EWR,CMH,95,463,12,53
2013,1,1,1153,30,1454,29,B6,N552JB,1,JFK,FLL,167,1069,12,53
2013,1,1,1153,-7,1450,-39,DL,N712TW,863,JFK,LAX,330,2475,12,53
2013,1,1,1154,-6,1253,-13,B6,N206JB,1174,EWR,BOS,40,200,12,54
2013,1,1,1154,-6,1452,22,MQ,N8EGMQ,4658,LGA,ATL,141,762,12,54
2013,1,1,1155,-5,1517,7,AA,N322AA,3,JFK,LAX,353,2475,12,55
2013,1,1,1155,-5,1507,-12,DL,N969DL,1443,LGA,FLL,160,1076,12,55
2013,1,1,1155,-5,1441,1,DL,N904DL,1947,LGA,ATL,133,762,12,55
2013,1,1,1155,-5,1312,-3,MQ,N846MQ,4425,JFK,DCA,57,213,12,55
2013,1,1,1157,-1,1310,-5,EV,N16546,4511,EWR,ROC,50,246,12,57
2013,1,1,1157,-8,1342,-3,MQ,N723MQ,4431,LGA,RDU,80,431,12,57
2013,1,1,1157,-3,1452,-4,UA,N13113,1197,EWR,MCO,151,937,12,57
2013,1,1,1158,-7,1530,10,AA,N426AA,743,LGA,DFW,248,1389,12,58
2013,1,1,1158,-2,1256,-4,WN,N783SW,1568,EWR,BWI,38,169,12,58
2013,1,1,1158,-2,1338,7,UA,N588UA,701,LGA,ORD,142,733,12,58
2013,1,1,1200,0,1408,12,US,N755US,1443,JFK,CLT,102,541,12,0
2013,1,1,1202,-5,1318,4,EV,N11536,4347,EWR,BTV,51,266,12,2
2013,1,1,1202,3,1645,-8,UA,N38403,1663,EWR,SJU,187,1608,12,2
2013,1,1,1203,-2,1501,24,EV,N13978,3850,EWR,ATL,142,746,12,3
2013,1,1,1203,3,1519,-26,VX,N843VA,25,JFK,SFO,353,2586,12,3
2013,1,1,1204,4,1500,12,B6,N612JB,523,EWR,MCO,139,937,12,4
2013,1,1,1205,5,1503,-2,UA,N39418,1461,EWR,IAH,221,1400,12,5
2013,1,1,1206,-3,1325,-3,EV,N14168,4216,EWR,BUF,59,282,12,6
2013,1,1,1208,10,1540,38,B6,N239JB,625,JFK,HOU,253,1428,12,8
2013,1,1,1211,-4,1423,10,EV,N21537,4135,EWR,CLT,102,529,12,11
2013,1,1,1217,-3,1414,24,MQ,N517MQ,3697,EWR,ORD,143,719,12,17
2013,1,1,1217,-1,1525,-4,UA,N573UA,391,EWR,SFO,345,2565,12,17
2013,1,1,1219,-1,1415,0,AA,N545AA,1757,LGA,STL,161,888,12,19
2013,1,1,1219,-6,1451,-9,DL,N342NB,1715,LGA,MSY,195,1183,12,19
2013,1,1,1220,0,1403,23,WN,N254WN,133,EWR,MDW,142,711,12,20
2013,1,1,1222,23,1512,43,EV,N14916,4679,EWR,JAX,131,820,12,22
2013,1,1,1222,-7,1520,-6,B6,N192JB,27,JFK,TPA,160,1005,12,22
2013,1,1,1228,4,1631,27,UA,N38459,1114,EWR,PHX,339,2133,12,28
2013,1,1,1230,-5,1440,2,EV,N741EV,5311,EWR,DTW,108,488,12,30
2013,1,1,1231,-7,1449,3,DL,N920DL,1131,LGA,DTW,108,502,12,31
2013,1,1,1231,2,1523,-6,UA,N402UA,428,EWR,FLL,156,1065,12,31
2013,1,1,1237,-8,1340,-10,AA,N3EGAA,1850,JFK,BOS,40,187,12,37
2013,1,1,1238,-2,1410,5,WN,N297WN,564,LGA,MKE,137,738,12,38
2013,1,1,1240,11,1451,23,EV,N14543,4118,EWR,DTW,114,488,12,40
2013,1,1,1240,-5,1554,-6,AA,N3BUAA,2253,LGA,MIA,156,1096,12,40
2013,1,1,1240,5,1415,0,MQ,N828MQ,4404,JFK,RDU,79,427,12,40
2013,1,1,1241,-6,1342,-13,EV,N36915,4129,EWR,DCA,45,199,12,41
2013,1,1,1245,0,1616,1,DL,N711ZX,2174,JFK,SLC,298,1990,12,45
2013,1,1,1245,-4,1722,-38,DL,N670DN,315,JFK,SJU,188,1598,12,45
2013,1,1,1246,21,1424,36,B6,N228JB,66,JFK,BUF,70,301,12,46
2013,1,1,1248,-2,1607,0,UA,N26210,1280,LGA,IAH,238,1416,12,48
2013,1,1,1251,-1,1611,16,B6,N657JB,85,JFK,FLL,173,1069,13,51
2013,1,1,1252,7,1624,34,AA,N3FTAA,745,LGA,DFW,243,1389,13,52
2013,1,1,1253,41,1524,48,UA,N576UA,754,EWR,DEN,252,1605,13,53
2013,1,1,1255,-5,1541,4,DL,N644DL,781,LGA,ATL,132,762,13,55
2013,1,1,1255,0,1540,5,WN,N732SW,1251,LGA,DEN,264,1620,13,55
2013,1,1,1255,55,1451,81,MQ,N518MQ,4601,LGA,BNA,139,764,13,55
2013,1,1,1255,-4,1501,-1,US,N540UW,1459,LGA,CLT,100,544,13,55
2013,1,1,1255,-5,1401,-8,US,N957UW,2128,LGA,BOS,38,184,13,55
2013,1,1,1257,-1,1601,-9,B6,N793JB,209,JFK,LGB,346,2465,13,57
2013,1,1,1257,-3,1454,4,MQ,N739MQ,4426,LGA,CMH,97,479,13,57
2013,1,1,1258,-10,1532,-5,FL,N717JL,348,LGA,ATL,128,762,13,58
2013,1,1,1258,-2,1459,19,AA,N511AA,329,LGA,ORD,147,733,13,58
2013,1,1,1301,21,1633,53,AA,N544AA,1853,EWR,DFW,252,1372,13,1
2013,1,1,1301,71,1518,93,MQ,N542MQ,4646,LGA,MSP,170,1020,13,1
2013,1,1,1301,6,1629,26,UA,N825UA,765,EWR,DFW,243,1372,13,1
2013,1,1,1302,3,1402,-2,B6,N273JB,1006,JFK,BOS,40,187,13,2
2013,1,1,1302,2,1553,-8,UA,N78511,1435,EWR,MIA,158,1085,13,2
2013,1,1,1304,37,1518,56,EV,N19966,4640,EWR,DAY,107,533,13,4
2013,1,1,1304,5,1430,12,B6,N346JB,32,JFK,ROC,65,264,13,4
2013,1,1,1305,-10,1523,3,MQ,N725MQ,4564,LGA,DTW,102,502,13,5
2013,1,1,1306,26,1622,27,AA,N5DMAA,2041,JFK,MIA,163,1089,13,6
2013,1,1,1306,6,1622,12,WN,N773SA,2596,EWR,HOU,239,1411,13,6
2013,1,1,1310,10,1559,5,B6,N593JB,991,JFK,PBI,150,1028,13,10
2013,1,1,1314,-1,1507,2,US,N177US,1615,EWR,CLT,95,529,13,14
2013,1,1,1315,-2,1413,-10,EV,N13538,4112,EWR,ALB,33,143,13,15
2013,1,1,1316,2,1412,-3,EV,N11551,4340,EWR,BWI,38,169,13,16
2013,1,1,1317,-8,1454,-11,MQ,N711MQ,4475,LGA,RDU,80,431,13,17
2013,1,1,1318,-4,1358,-18,EV,N19554,4106,EWR,BDL,25,116,13,18
2013,1,1,1320,5,1602,-3,B6,N537JB,393,LGA,MCO,140,950,13,20
2013,1,1,1320,0,1625,-11,UA,N58101,1425,EWR,LAX,334,2454,13,20
2013,1,1,1323,23,1651,43,DL,N3736C,1185,EWR,SLC,295,1969,13,23
2013,1,1,1325,-5,1606,1,DL,N318US,2043,JFK,ATL,131,760,13,25
2013,1,1,1327,-3,1638,-17,VX,N642VA,411,JFK,LAX,352,2475,13,27
2013,1,1,1327,-2,1624,-5,UA,N847UA,906,EWR,FLL,157,1065,13,27
2013,1,1,1330,9,1613,37,EV,N14558,3849,EWR,IND,149,645,13,30
2013,1,1,1333,-2,1608,0,B6,N306JB,615,JFK,JAX,134,828,13,33
2013,1,1,1336,-4,1508,8,EV,N13988,4665,EWR,PIT,69,319,13,36
2013,1,1,1337,77,1649,78,B6,N636JB,673,JFK,LAX,352,2475,13,37
2013,1,1,1339,-6,1642,-23,AA,N3EMAA,1073,LGA,MIA,161,1096,13,39
2013,1,1,1339,4,1654,23,B6,N510JB,431,LGA,SRQ,170,1047,13,39
2013,1,1,1341,-4,1709,4,AA,N339AA,117,JFK,LAX,362,2475,13,41
2013,1,1,1342,22,1617,73,EV,N13969,3832,EWR,STL,194,872,13,42
2013,1,1,1343,13,1658,18,AA,N3CFAA,753,LGA,DFW,235,1389,13,43
2013,1,1,1344,0,2005,21,UA,N76065,15,EWR,HNL,656,4963,13,44
2013,1,1,1346,16,1736,26,WN,N900WN,2335,EWR,PHX,334,2133,13,46
2013,1,1,1350,21,1504,11,EV,N14542,4254,EWR,BUF,57,282,14,50
2013,1,1,1350,-5,1456,-14,B6,N216JB,602,JFK,PWM,49,273,14,50
2013,1,1,1351,-4,1446,-13,EV,N13566,4434,EWR,MHT,37,209,14,51
2013,1,1,1353,-4,1549,24,EV,N14105,4171,EWR,MSN,152,799,14,53
2013,1,1,1354,-2,1556,-4,EV,N23139,4370,EWR,CHS,102,628,14,54
2013,1,1,1354,-5,1452,-22,DL,N344NB,2068,JFK,BOS,37,187,14,54
2013,1,1,1355,40,1538,46,EV,N13958,4552,EWR,GSO,86,445,14,55
2013,1,1,1355,-1,1646,-4,B6,N709JB,1783,JFK,MCO,144,944,14,55
2013,1,1,1355,5,1537,22,WN,N7704B,2162,LGA,MDW,141,725,14,55
2013,1,1,1356,6,1612,27,MQ,N513MQ,4577,LGA,CLT,98,544,14,56
2013,1,1,1356,57,1538,60,UA,N17128,32,EWR,ORD,135,719,14,56
2013,1,1,1356,2,1537,11,UA,N840UA,617,LGA,ORD,146,733,14,56
2013,1,1,1356,6,1659,19,UA,N26906,1258,EWR,IAH,218,1400,14,56
2013,1,1,1358,8,1742,27,US,N654AW,688,EWR,PHX,318,2133,14,58
2013,1,1,1400,70,1645,103,EV,N748EV,4869,LGA,MEM,178,963,14,0
2013,1,1,1400,0,1634,-2,DL,N6704Z,2247,LGA,ATL,130,762,14,0
2013,1,1,1402,39,1650,84,EV,N13123,4516,EWR,MEM,183,946,14,2
2013,1,1,1408,-3,1646,6,FL,N895AT,349,LGA,ATL,133,762,14,8
2013,1,1,1411,56,1717,66,B6,N516JB,505,EWR,FLL,154,1065,14,11
2013,1,1,1416,5,1603,14,UA,N456UA,683,EWR,ORD,136,719,14,16
2013,1,1,1418,-1,1726,-6,UA,N37464,16,EWR,SEA,348,2402,14,18
2013,1,1,1419,-1,1557,7,MQ,N500MQ,3728,EWR,ORD,136,719,14,19
2013,1,1,1421,-1,1517,-18,B6,N274JB,1010,JFK,BOS,38,187,14,21
2013,1,1,1421,26,1735,26,B6,N503JB,83,JFK,SEA,349,2422,14,21
2013,1,1,1421,-9,1724,-28,DL,N327NW,1531,LGA,RSW,160,1080,14,21
2013,1,1,1422,12,1613,18,MQ,N737MQ,4491,LGA,CLE,93,419,14,22
2013,1,1,1422,-3,1748,-11,UA,N502UA,257,JFK,SFO,362,2586,14,22
2013,1,1,1423,-7,1535,-15,EV,N835AS,5710,LGA,IAD,53,229,14,23
2013,1,1,1424,35,1701,65,EV,N15574,4687,EWR,CVG,129,569,14,24
2013,1,1,1424,4,1659,15,EV,N678CA,4935,EWR,ATL,132,746,14,24
2013,1,1,1428,59,1803,83,B6,N635JB,355,JFK,BUR,371,2465,14,28
2013,1,1,1430,31,1718,26,UA,N563UA,278,EWR,PBI,149,1023,14,30
2013,1,1,1430,0,1735,-9,UA,N452UA,997,LGA,IAH,227,1416,14,30
2013,1,1,1431,2,1727,5,B6,N562JB,1161,LGA,PBI,151,1035,14,31
2013,1,1,1431,-9,1627,11,UA,N849UA,601,EWR,CLE,91,404,14,31
2013,1,1,1433,-2,1636,-8,DL,N327NB,1819,LGA,MSP,163,1020,14,33
2013,1,1,1436,1,1840,20,DL,N722TW,1322,JFK,SFO,375,2586,14,36
2013,1,1,1439,-6,1558,-15,DL,N319NB,1972,JFK,DCA,56,213,14,39
2013,1,1,1440,0,1658,15,DL,N926DL,1231,LGA,DTW,94,502,14,40
2013,1,1,1442,-8,1728,-27,AA,N5FMAA,1813,JFK,MCO,141,944,14,42
2013,1,1,1443,-1,1600,-2,EV,N13908,4292,EWR,IAD,51,212,14,43
2013,1,1,1445,-10,1635,-10,AA,N4UCAA,337,LGA,ORD,147,733,14,45
2013,1,1,1445,0,1729,19,MQ,N532MQ,4669,LGA,ATL,129,762,14,45
2013,1,1,1446,-9,1803,-22,AA,N5EWAA,1769,JFK,MIA,161,1089,14,46
2013,1,1,1448,3,1651,4,US,N560UW,1445,LGA,CLT,96,544,14,48
2013,1,1,1449,-1,1651,11,MQ,N853MQ,4403,JFK,RDU,78,427,14,49
2013,1,1,1451,-9,1634,-2,9E,N8444F,4105,JFK,IAD,57,228,15,51
2013,1,1,1452,-3,1637,-2,9E,N920XJ,3295,JFK,BUF,68,301,15,52
2013,1,1,1452,-5,1753,-18,B6,N292JB,61,JFK,FLL,162,1069,15,52
2013,1,1,1453,3,1707,22,MQ,N610MQ,4172,JFK,CLE,99,425,15,53
2013,1,1,1453,-7,1601,-19,US,N951UW,2179,LGA,DCA,51,214,15,53
2013,1,1,1454,-4,1554,-21,EV,N11544,4390,EWR,PWM,47,284,15,54
2013,1,1,1454,-6,1635,-1,9E,N8409N,3843,JFK,SYR,57,209,15,54
2013,1,1,1454,-6,1815,-22,DL,N702TW,1467,JFK,LAX,340,2475,15,54
2013,1,1,1455,-2,1731,1,B6,N279JB,119,JFK,MSY,192,1182,15,55
2013,1,1,1455,-4,1655,10,B6,N203JB,1053,JFK,PIT,87,340,15,55
2013,1,1,1455,-5,1753,-17,DL,N997DL,1997,LGA,PBI,152,1035,15,55
2013,1,1,1456,-4,1649,17,UA,N802UA,685,LGA,ORD,140,733,15,56
2013,1,1,1456,1,1830,17,UA,N24212,1134,EWR,AUS,252,1504,15,56
2013,1,1,1457,-3,1758,-17,UA,N401UA,379,EWR,RSW,166,1068,15,57
2013,1,1,1457,-3,1652,-4,US,N539UW,720,EWR,CLT,97,529,15,57
2013,1,1,1458,-2,1658,3,MQ,N736MQ,4429,LGA,CMH,94,479,15,58
2013,1,1,1459,-2,1651,0,EV,N15572,5675,EWR,CMH,96,463,15,59
2013,1,1,1459,5,1750,-1,UA,N75435,1105,EWR,TPA,152,997,15,59
2013,1,1,1500,1,1809,3,B6,N633JB,377,LGA,FLL,167,1076,15,0
2013,1,1,1502,2,1802,-4,UA,N406UA,456,EWR,FLL,156,1065,15,2
2013,1,1,1505,115,1638,127,EV,N17984,4497,EWR,RIC,63,277,15,5
2013,1,1,1505,-5,1654,-1,MQ,N734MQ,4447,LGA,RDU,82,431,15,5
2013,1,1,1506,1,1838,18,AA,N3DUAA,759,LGA,DFW,248,1389,15,6
2013,1,1,1506,-6,1723,-18,UA,N513UA,407,LGA,DEN,237,1620,15,6
2013,1,1,1507,-8,1651,-5,9E,N8631E,3792,JFK,ROC,66,264,15,7
2013,1,1,1507,-3,1748,3,MQ,N803MQ,4309,JFK,IND,130,665,15,7
2013,1,1,1508,18,1813,26,UA,N76529,1687,EWR,MCO,146,937,15,8
2013,1,1,1510,-7,1811,0,B6,N563JB,537,EWR,TPA,156,997,15,10
2013,1,1,1511,11,1753,11,DL,N678DL,2347,LGA,ATL,135,762,15,11
2013,1,1,1511,-4,1657,-3,DL,N318NB,1456,LGA,BUF,60,292,15,11
2013,1,1,1512,-6,1805,-18,B6,N645JB,153,JFK,MCO,142,944,15,12
2013,1,1,1513,8,1714,11,EV,N13914,4223,EWR,CLT,102,529,15,13
2013,1,1,1513,-2,1705,5,MQ,N635MQ,4333,JFK,PIT,79,340,15,13
2013,1,1,1515,38,1834,52,B6,N178JB,347,JFK,SRQ,171,1041,15,15
2013,1,1,1518,2,1837,5,UA,N53442,1699,EWR,SFO,348,2565,15,18
2013,1,1,1520,50,1835,60,AA,N589AA,883,EWR,DFW,236,1372,15,20
2013,1,1,1520,-5,1643,-12,MQ,N509MQ,3823,JFK,DCA,57,213,15,20
2013,1,1,1520,0,1817,1,UA,N13750,1593,EWR,MCO,152,937,15,20
2013,1,1,1521,6,1830,7,DL,N378NW,507,LGA,MCO,145,950,15,21
2013,1,1,1522,-8,1731,6,MQ,N902MQ,4146,JFK,CMH,98,483,15,22
2013,1,1,1522,-8,1858,3,UA,N512UA,530,JFK,LAX,356,2475,15,22
2013,1,1,1523,7,1831,3,UA,N18112,1600,EWR,LAX,337,2454,15,23
2013,1,1,1524,27,1828,27,B6,N504JB,141,JFK,PBI,156,1028,15,24
2013,1,1,1525,105,1831,125,B6,N231JB,525,EWR,MCO,152,937,15,25
2013,1,1,1525,-5,1934,NULL,MQ,N719MQ,4525,LGA,XNA,NULL,1147,15,25
2013,1,1,1526,-4,1714,24,WN,N280WN,4105,EWR,MDW,141,711,15,26
2013,1,1,1527,-3,1841,-14,AA,N3HYAA,1039,JFK,FLL,163,1069,15,27
2013,1,1,1527,32,1655,27,B6,N607JB,8,JFK,BUF,66,301,15,27
2013,1,1,1527,-6,1836,-21,B6,N794JB,137,JFK,RSW,168,1074,15,27
2013,1,1,1527,12,1854,44,UA,N69059,1695,EWR,IAH,210,1400,15,27
2013,1,1,1528,29,2002,NULL,EV,N17108,3806,EWR,STL,NULL,872,15,28
2013,1,1,1528,-2,1731,6,AA,N573AA,2223,LGA,STL,160,888,15,28
2013,1,1,1529,32,1720,46,UA,N497UA,459,EWR,ORD,138,719,15,29
2013,1,1,1529,-1,1733,-4,US,N738US,1665,LGA,CLT,103,544,15,29
2013,1,1,1530,0,1650,-5,9E,N913XJ,3369,JFK,BWI,40,184,15,30
2013,1,1,1531,38,1637,34,EV,N13975,4372,EWR,DCA,45,199,15,31
2013,1,1,1531,32,1745,47,EV,N15912,4572,EWR,GSP,106,594,15,31
2013,1,1,1531,11,1809,19,UA,N514UA,365,EWR,DEN,247,1605,15,31
2013,1,1,1534,4,1755,20,EV,N17115,4093,EWR,GRR,120,605,15,34
2013,1,1,1536,16,1709,19,WN,N226WN,2081,LGA,MKE,133,738,15,36
2013,1,1,1538,-2,1827,-24,DL,N372DA,4,JFK,MCO,133,944,15,38
2013,1,1,1539,9,1904,-6,AA,N342AA,85,JFK,SFO,360,2586,15,39
2013,1,1,1539,-6,1853,-17,AA,N319AA,133,JFK,LAX,351,2475,15,39
2013,1,1,1539,2,1854,35,UA,N14250,1222,EWR,LAS,342,2227,15,39
2013,1,1,1540,122,2020,115,B6,N570JB,705,JFK,SJU,193,1598,15,40
2013,1,1,1542,-3,1852,-21,DL,N3750D,1283,JFK,SAN,342,2446,15,42
2013,1,1,1543,-7,1933,8,DL,N688DL,1773,JFK,SLC,320,1990,15,43
2013,1,1,1543,0,1731,-2,UA,N413UA,636,LGA,CLE,88,419,15,43
2013,1,1,1546,6,1753,5,9E,N904XJ,3338,JFK,ORD,146,740,15,46
2013,1,1,1547,2,1823,8,DL,N994DL,1942,EWR,ATL,129,746,15,47
2013,1,1,1548,88,1751,91,MQ,N6EAMQ,4588,LGA,MSP,167,1020,15,48
2013,1,1,1549,64,1912,136,EV,N21197,4181,EWR,MCI,234,1092,15,49
2013,1,1,1549,1,1851,-8,UA,N54241,80,EWR,MIA,156,1085,15,49
2013,1,1,1550,0,1844,13,9E,N934XJ,3372,JFK,IND,139,665,16,50
2013,1,1,1552,-8,1732,12,EV,N825AS,5709,LGA,IAD,55,229,16,52
2013,1,1,1552,-8,1826,6,FL,N997AT,620,LGA,ATL,132,762,16,52
2013,1,1,1552,-8,1749,-8,9E,N910XJ,3459,JFK,BNA,150,765,16,52
2013,1,1,1552,-8,1933,18,AA,N3CGAA,565,JFK,DFW,254,1391,16,52
2013,1,1,1554,-6,1701,-33,9E,N931XJ,3331,JFK,BOS,41,187,16,54
2013,1,1,1554,-5,1857,16,DL,N918DE,847,LGA,ATL,131,762,16,54
2013,1,1,1554,-6,1830,10,MQ,N606MQ,3985,JFK,CVG,118,589,16,54
2013,1,1,1556,-4,1737,-2,EV,N761ND,5163,LGA,PIT,69,335,16,56
2013,1,1,1557,-3,1910,-29,DL,N955DL,1508,JFK,RSW,171,1074,16,57
2013,1,1,1557,-3,1746,4,UA,N487UA,687,LGA,ORD,143,733,16,57
2013,1,1,1558,24,1808,65,EV,N16546,4502,EWR,BNA,168,748,16,58
2013,1,1,1558,119,1718,123,EV,N826AS,5712,JFK,IAD,53,228,16,58
2013,1,1,1558,-2,1910,7,B6,N708JB,509,EWR,FLL,166,1065,16,58
2013,1,1,1559,-6,1844,-28,DL,N374DA,91,JFK,LAS,309,2248,16,59
2013,1,1,1600,-10,1712,-17,9E,N8968E,4088,JFK,PHL,35,94,16,0
2013,1,1,1601,0,1750,15,UA,N484UA,702,EWR,ORD,141,719,16,1
2013,1,1,1602,-3,1834,-4,DL,N301NB,1861,LGA,MCI,189,1107,16,2
2013,1,1,1603,16,1720,12,EV,N14168,3272,EWR,BUF,58,282,16,3
2013,1,1,1603,13,1751,12,B6,N316JB,917,JFK,ORD,150,740,16,3
2013,1,1,1603,3,1839,9,WN,N965WN,591,EWR,DEN,254,1605,16,3
2013,1,1,1603,-2,1818,28,MQ,N730MQ,4415,LGA,RDU,79,431,16,3
2013,1,1,1603,3,1912,6,UA,N820UA,367,EWR,FLL,162,1065,16,3
2013,1,1,1604,54,1817,67,MQ,N0EGMQ,4579,LGA,CLT,106,544,16,4
2013,1,1,1605,-5,1804,4,AA,N569AA,341,LGA,ORD,146,733,16,5
2013,1,1,1607,12,1735,20,B6,N184JB,12,JFK,SYR,58,209,16,7
2013,1,1,1607,84,1711,78,UA,N435UA,465,EWR,BOS,35,200,16,7
2013,1,1,1608,33,2002,72,AA,N3GKAA,763,LGA,DFW,249,1389,16,8
2013,1,1,1608,8,1953,28,AA,N3DYAA,1467,LGA,MIA,171,1096,16,8
2013,1,1,1608,-1,1847,-23,B6,N712JB,157,JFK,MCO,137,944,16,8
2013,1,1,1610,-5,1913,-35,DL,N947DL,1411,JFK,FLL,155,1069,16,10
2013,1,1,1610,-5,1827,-3,DL,N360NB,1619,LGA,MSP,168,1020,16,10
2013,1,1,1610,15,1852,18,DL,N362NW,1939,LGA,DEN,235,1620,16,10
2013,1,1,1611,10,2010,29,UA,N76504,1635,EWR,PHX,328,2133,16,11
2013,1,1,1615,13,1748,20,EV,N36915,4406,EWR,PIT,73,319,16,15
2013,1,1,1619,-6,1912,17,MQ,N537MQ,4661,LGA,ATL,136,762,16,19
2013,1,1,1620,0,1945,23,UA,N18119,1178,EWR,IAH,242,1400,16,20
2013,1,1,1621,33,1904,34,DL,N704X,95,JFK,ATL,130,760,16,21
2013,1,1,1623,3,2002,3,US,N550UW,35,JFK,PHX,317,2153,16,23
2013,1,1,1625,35,2054,4,AA,N630AA,1635,JFK,SJU,188,1598,16,25
2013,1,1,1626,-4,2007,15,B6,N804JB,675,JFK,LAX,370,2475,16,26
2013,1,1,1626,-4,1855,2,DL,N361NW,702,JFK,DTW,108,509,16,26
2013,1,1,1627,88,1925,80,B6,N599JB,63,JFK,TPA,159,1005,16,27
2013,1,1,1627,-3,1940,-40,VX,N847VA,27,JFK,SFO,354,2586,16,27
2013,1,1,1628,64,1740,59,EV,N14959,4133,EWR,IAD,53,212,16,28
2013,1,1,1628,-2,1907,-16,DL,N331NW,920,JFK,DEN,248,1626,16,28
2013,1,1,1630,42,1902,67,EV,N22909,4352,EWR,CVG,121,569,16,30
2013,1,1,1630,-6,1913,-30,B6,N534JB,143,JFK,PBI,147,1028,16,30
2013,1,1,1631,14,1740,13,EV,N14972,4299,EWR,DCA,48,199,16,31
2013,1,1,1631,-4,1956,-4,US,N649AW,656,EWR,PHX,309,2133,16,31
2013,1,1,1631,1,1935,-15,UA,N75425,1726,EWR,SAN,346,2425,16,31
2013,1,1,1632,-3,1903,23,WN,N258WN,190,LGA,STL,181,888,16,32
2013,1,1,1632,-3,1824,14,MQ,N507MQ,3695,EWR,ORD,139,719,16,32
2013,1,1,1634,8,1913,21,UA,N27213,69,EWR,DEN,247,1605,16,34
2013,1,1,1635,5,1830,20,UA,N16701,162,EWR,CLE,84,404,16,35
2013,1,1,1636,-3,1747,-8,B6,N190JB,1176,EWR,BOS,42,200,16,36
2013,1,1,1637,52,1858,39,9E,N604LR,3321,JFK,MSP,173,1029,16,37
2013,1,1,1639,82,1815,96,EV,N16561,4580,EWR,MKE,140,725,16,39
2013,1,1,1640,0,1859,9,MQ,N723MQ,4540,LGA,DTW,106,502,16,40
2013,1,1,1641,-9,1746,-34,AA,N3BYAA,1790,JFK,BOS,41,187,16,41
2013,1,1,1642,32,1944,25,UA,N17229,1587,EWR,RSW,161,1068,16,42
2013,1,1,1645,6,1832,16,EV,N13538,4336,EWR,GSO,89,445,16,45
2013,1,1,1649,10,1937,26,EV,N14960,4705,EWR,ATL,139,746,16,49
2013,1,1,1650,35,2009,56,B6,N564JB,985,LGA,TPA,162,1010,17,50
2013,1,1,1651,1,2000,-4,B6,N665JB,185,JFK,SAN,349,2446,17,51
2013,1,1,1652,12,2030,35,AA,N565AA,773,LGA,DFW,252,1389,17,52
2013,1,1,1653,-7,2005,-13,DL,N980DL,1807,LGA,FLL,158,1076,17,53
2013,1,1,1654,10,1752,-1,EV,N27962,4539,EWR,MHT,38,209,17,54
2013,1,1,1654,-6,2020,-14,DL,N320NB,706,JFK,AUS,251,1521,17,54
2013,1,1,1655,34,1804,40,EV,N19554,3260,EWR,ALB,36,143,17,55
2013,1,1,1655,-5,1953,3,AA,N5DRAA,575,JFK,EGE,280,1747,17,55
2013,1,1,1655,-5,2027,-22,DL,N713TW,31,JFK,SFO,357,2586,17,55
2013,1,1,1655,0,2025,-5,VX,N626VA,413,JFK,LAX,362,2475,17,55
2013,1,1,1656,-4,1941,-14,AA,N3CAAA,257,JFK,LAS,322,2248,17,56
2013,1,1,1657,7,1921,41,WN,N462WN,2773,EWR,STL,181,872,17,57
2013,1,1,1657,27,1948,22,UA,N17105,1609,EWR,MCO,148,937,17,57
2013,1,1,1658,-2,1808,-32,MQ,N688MQ,4323,JFK,ORF,52,290,17,58
2013,1,1,1701,-9,2026,11,AA,N3FUAA,695,JFK,AUS,247,1521,17,1
2013,1,1,1701,1,1856,16,UA,N418UA,689,LGA,ORD,144,733,17,1
2013,1,1,1702,2,2044,16,UA,N16632,1259,LGA,IAH,234,1416,17,2
2013,1,1,1705,0,2054,44,AA,N4WRAA,1905,EWR,DFW,251,1372,17,5
2013,1,1,1705,-5,1924,9,US,N188US,1447,LGA,CLT,110,544,17,5
2013,1,1,1707,2,1928,-12,DL,N3730B,2121,EWR,ATL,121,746,17,7
2013,1,1,1707,7,2006,6,UA,N543UA,342,EWR,LAX,334,2454,17,7
2013,1,1,1708,8,2037,32,WN,N778SW,1066,EWR,HOU,245,1411,17,8
2013,1,1,1711,21,1820,14,EV,N15986,4194,EWR,BTV,48,266,17,11
2013,1,1,1711,36,1918,33,B6,N228JB,1085,JFK,CLT,112,541,17,11
2013,1,1,1711,71,2005,68,B6,N579JB,369,LGA,PBI,149,1035,17,11
2013,1,1,1712,-7,1939,-19,UA,N569UA,509,LGA,DEN,241,1620,17,12
2013,1,1,1712,12,2042,6,UA,N485UA,635,EWR,SAT,242,1569,17,12
2013,1,1,1713,13,2006,-8,B6,N346JB,15,JFK,FLL,156,1069,17,13
2013,1,1,1714,-6,1915,0,AA,N3CVAA,1351,JFK,ORD,146,740,17,14
2013,1,1,1716,-14,1947,-6,F9,N263AV,511,LGA,DEN,242,1620,17,16
2013,1,1,1716,91,2140,61,B6,N651JB,703,JFK,SJU,183,1598,17,16
2013,1,1,1716,7,1902,16,UA,N19130,1623,EWR,ORD,143,719,17,16
2013,1,1,1717,-3,1920,10,AA,N539AA,345,LGA,ORD,141,733,17,17
2013,1,1,1718,8,2154,-7,B6,N507JB,699,JFK,SJU,189,1598,17,18
2013,1,1,1719,-1,1908,3,MQ,N713MQ,4479,LGA,RDU,80,431,17,19
2013,1,1,1720,-5,2121,16,DL,N723TW,513,JFK,LAX,363,2475,17,20
2013,1,1,1725,-5,1929,3,US,N680AW,449,EWR,CLT,104,529,17,25
2013,1,1,1725,5,2045,24,UA,N17122,1712,EWR,IAH,235,1400,17,25
2013,1,1,1726,-4,2054,4,AA,N386AA,543,JFK,MIA,157,1089,17,26
2013,1,1,1726,-3,2042,-18,UA,N557UA,512,JFK,SFO,347,2586,17,26
2013,1,1,1727,2,2043,3,AA,N377AA,145,JFK,SAN,357,2446,17,27
2013,1,1,1728,88,2004,107,EV,N13903,3843,EWR,SDF,135,642,17,28
2013,1,1,1729,11,2052,-3,UA,N14120,1284,EWR,SFO,360,2565,17,29
2013,1,1,1730,0,2013,14,FL,N967AT,623,LGA,ATL,128,762,17,30
2013,1,1,1730,0,2126,16,B6,N618JB,179,JFK,PHX,323,2153,17,30
2013,1,1,1730,1,2039,-19,UA,N77296,1715,EWR,SEA,344,2402,17,30
2013,1,1,1732,62,2028,123,EV,N16911,4092,EWR,DAY,119,533,17,32
2013,1,1,1736,56,2047,46,B6,N329JB,139,JFK,RSW,176,1074,17,36
2013,1,1,1738,-7,2030,-12,B6,N508JB,547,EWR,PBI,147,1023,17,38
2013,1,1,1739,-6,1956,3,DL,N965DL,2331,LGA,DTW,93,502,17,39
2013,1,1,1739,-1,2051,-21,DL,N3761R,1339,JFK,PDX,341,2454,17,39
2013,1,1,1740,70,2102,68,DL,N369NW,2139,LGA,MIA,167,1096,17,40
2013,1,1,1740,-5,2158,NULL,MQ,N739MQ,4413,LGA,XNA,NULL,1147,17,40
2013,1,1,1742,-4,2028,-24,DL,N933DL,1585,LGA,MCO,145,950,17,42
2013,1,1,1743,88,1925,66,9E,N8515F,3651,JFK,RDU,72,427,17,43
2013,1,1,1744,-6,2043,-2,B6,N661JB,527,EWR,MCO,137,937,17,44
2013,1,1,1744,24,2052,27,B6,N658JB,163,JFK,TPA,160,1005,17,44
2013,1,1,1744,-1,2055,-4,DL,N900DE,1935,LGA,TPA,160,1010,17,44
2013,1,1,1744,-1,1925,10,WN,N8324A,128,LGA,MDW,137,725,17,44
2013,1,1,1745,-4,1943,34,B6,N216JB,1307,JFK,IAD,65,228,17,45
2013,1,1,1750,0,2109,-6,UA,N525UA,535,JFK,LAX,345,2475,18,50
2013,1,1,1751,6,2044,4,B6,N527JB,9,JFK,MCO,141,944,18,51
2013,1,1,1751,6,2015,65,WN,N764SW,3384,EWR,MDW,148,711,18,51
2013,1,1,1753,8,2058,21,B6,N630JB,391,LGA,MCO,144,950,18,53
2013,1,1,1756,31,2036,17,UA,N523UA,376,EWR,MCO,140,937,18,56
2013,1,1,1757,54,1904,51,EV,N14998,4373,EWR,DCA,45,199,18,57
2013,1,1,1757,-2,2027,-15,DL,N643DL,1047,LGA,ATL,125,762,18,57
2013,1,1,1758,-2,1905,-12,B6,N304JB,1016,JFK,BOS,36,187,18,58
2013,1,1,1758,-2,2105,-5,B6,N663JB,989,JFK,FLL,152,1069,18,58
2013,1,1,1758,9,2020,37,UA,N37274,1676,EWR,ORD,135,719,18,58
2013,1,1,1759,0,1957,8,EV,N13566,4581,EWR,CMH,95,463,18,59
2013,1,1,1800,0,1945,-6,B6,N294JB,1111,JFK,RDU,78,427,18,0
2013,1,1,1800,0,1951,-3,UA,N16703,1053,EWR,CLE,83,404,18,0
2013,1,1,1802,-3,1930,-14,DL,N359NB,1006,LGA,BUF,61,292,18,2
2013,1,1,1802,1,2125,-12,UA,N75429,1165,EWR,LAX,340,2454,18,2
2013,1,1,1803,37,2011,37,EV,N13958,4382,EWR,DTW,104,488,18,3
2013,1,1,1803,103,2008,138,MQ,N504MQ,4622,LGA,BNA,154,764,18,3
2013,1,1,1803,3,2021,20,US,N510UW,373,JFK,CLT,100,541,18,3
2013,1,1,1805,8,2117,-2,UA,N39463,1152,EWR,PDX,336,2434,18,5
2013,1,1,1806,-4,2002,17,MQ,N711MQ,4484,LGA,BNA,152,764,18,6
2013,1,1,1807,29,2251,NULL,UA,N31412,1228,EWR,SAN,NULL,2425,18,7
2013,1,1,1808,-7,2111,-19,AS,N553AS,7,EWR,SEA,336,2402,18,8
2013,1,1,1809,-1,2117,-15,B6,N592JB,217,JFK,LGB,337,2465,18,9
2013,1,1,1811,12,2132,14,UA,N482UA,618,EWR,DFW,228,1372,18,11
2013,1,1,1814,74,2051,116,EV,N19966,4202,EWR,STL,177,872,18,14
2013,1,1,1814,-1,2122,-29,B6,N569JB,173,JFK,SJC,334,2569,18,14
2013,1,1,1815,290,2120,338,EV,N17185,4417,EWR,OMA,213,1134,18,15
2013,1,1,1815,10,1928,8,WN,N266WN,731,LGA,BWI,46,185,18,15
2013,1,1,1816,11,2013,18,MQ,N8EGMQ,4626,LGA,CMH,93,479,18,16
2013,1,1,1816,16,2101,11,UA,N522UA,638,EWR,LAS,307,2227,18,16
2013,1,1,1817,-3,2008,3,AA,N3AXAA,353,LGA,ORD,138,733,18,17
2013,1,1,1820,0,2216,26,AA,N3FMAA,119,EWR,LAX,366,2454,18,20
2013,1,1,1823,-7,2036,-19,DL,N337NW,924,JFK,MSP,158,1029,18,23
2013,1,1,1824,-6,2203,-2,AA,N3ETAA,269,JFK,SEA,348,2422,18,24
2013,1,1,1825,-4,2056,3,9E,N906XJ,3286,JFK,DTW,107,509,18,25
2013,1,1,1825,-4,2046,14,US,N460UW,1973,EWR,CLT,106,529,18,25
2013,1,1,1826,16,2132,2,AA,N3DWAA,1611,LGA,MIA,153,1096,18,26
2013,1,1,1826,-4,2154,-13,DL,N3772H,1643,JFK,SEA,334,2422,18,26
2013,1,1,1827,-2,2105,9,UA,N39728,1139,EWR,DEN,246,1605,18,27
2013,1,1,1828,23,2023,32,EV,N11119,4334,LGA,CLE,80,419,18,28
2013,1,1,1830,1,2131,6,UA,N33714,1684,EWR,PBI,152,1023,18,30
2013,1,1,1832,9,1948,8,EV,N13988,4326,EWR,PWM,48,284,18,32
2013,1,1,1832,-3,2059,-4,9E,N8894A,3830,JFK,CHS,106,636,18,32
2013,1,1,1832,4,2144,0,UA,N18220,1075,EWR,SNA,342,2434,18,32
2013,1,1,1834,-6,2027,7,MQ,N517MQ,3730,EWR,ORD,137,719,18,34
2013,1,1,1834,34,2014,32,UA,N467UA,668,LGA,ORD,123,733,18,34
2013,1,1,1836,70,2107,94,EV,N14543,4179,EWR,CVG,123,569,18,36
2013,1,1,1840,4,2022,12,B6,N281JB,130,JFK,BUF,70,301,18,40
2013,1,1,1840,-5,2055,25,MQ,N725MQ,4517,LGA,CRW,96,444,18,40
2013,1,1,1840,-5,2223,-3,UA,N508UA,389,JFK,SFO,357,2586,18,40
2013,1,1,1842,260,1958,263,EV,N18120,4633,EWR,BTV,46,266,18,42
2013,1,1,1842,13,2144,8,UA,N14214,1292,EWR,FLL,149,1065,18,42
2013,1,1,1843,-7,2052,2,AA,N594AA,2019,LGA,STL,169,888,18,43
2013,1,1,1843,-2,1955,-29,DL,N344NB,904,JFK,BOS,34,187,18,43
2013,1,1,1843,8,2339,-7,DL,N900PC,329,JFK,SJU,192,1598,18,43
2013,1,1,1846,61,2147,52,AA,N3ESAA,785,LGA,DFW,223,1389,18,46
2013,1,1,1846,-9,2336,-19,AA,N5BYAA,1613,JFK,SJU,190,1598,18,46
2013,1,1,1848,63,2238,78,AA,N332AA,177,JFK,SFO,361,2586,18,48
2013,1,1,1849,-11,2131,2,FL,N920AT,645,LGA,ATL,134,762,18,49
2013,1,1,1850,-10,2007,-9,EV,N835AS,5714,JFK,IAD,55,228,19,50
2013,1,1,1850,0,2142,1,9E,N908XJ,3364,JFK,MSY,207,1182,19,50
2013,1,1,1850,0,2249,9,VX,N638VA,29,JFK,SFO,364,2586,19,50
2013,1,1,1853,-7,2004,-14,US,N951UW,2187,LGA,DCA,54,214,19,53
2013,1,1,1854,24,2055,40,MQ,N518MQ,4674,LGA,CLE,87,419,19,54
2013,1,1,1855,-4,2140,-5,DL,N339NW,947,LGA,ATL,135,762,19,55
2013,1,1,1855,7,2203,3,UA,N36207,1128,LGA,IAH,231,1416,19,55
2013,1,1,1856,131,2212,127,AA,N323AA,181,JFK,LAX,336,2475,19,56
2013,1,1,1856,-3,2133,-22,B6,N505JB,155,JFK,MCO,133,944,19,56
2013,1,1,1856,1,2142,0,DL,N173DZ,951,JFK,ATL,132,760,19,56
2013,1,1,1858,-2,2034,-1,WN,N905WN,2944,LGA,MKE,131,738,19,58
2013,1,1,1859,-1,2012,-9,EV,N11544,4131,EWR,RIC,55,277,19,59
2013,1,1,1859,-1,2151,-47,DL,N329NW,1967,JFK,MIA,150,1089,19,59
2013,1,1,1900,15,2212,-15,B6,N523JB,91,JFK,OAK,330,2576,19,0
2013,1,1,1904,-1,2139,-48,DL,N3758Y,2159,JFK,MCO,133,944,19,4
2013,1,1,1904,-1,2157,-11,UA,N14242,1444,EWR,TPA,150,997,19,4
2013,1,1,1905,5,2311,10,DL,N727TW,853,JFK,SFO,361,2586,19,5
2013,1,1,1906,-9,2211,-33,DL,N922DL,2391,JFK,TPA,159,1005,19,6
2013,1,1,1909,-3,2239,2,B6,N559JB,87,JFK,SLC,291,1990,19,9
2013,1,1,1909,-1,2212,-12,DL,N6710E,1629,JFK,LAS,323,2248,19,9
2013,1,1,1910,1,2126,40,EV,N13978,3807,EWR,BNA,159,748,19,10
2013,1,1,1910,0,2126,19,9E,N925XJ,3359,JFK,ORD,141,740,19,10
2013,1,1,1910,15,2118,15,US,N540UW,1491,LGA,CLT,107,544,19,10
2013,1,1,1911,1,2050,-5,MQ,N737MQ,4569,LGA,RDU,81,431,19,11
2013,1,1,1912,-3,2200,-19,DL,N917DL,1485,LGA,MCO,142,950,19,12
2013,1,1,1912,4,2242,-15,UA,N432UA,927,EWR,PHX,309,2133,19,12
2013,1,1,1915,-5,2238,-19,DL,N633DL,6,JFK,SLC,281,1990,19,15
2013,1,1,1915,11,2242,-4,UA,N76503,1606,EWR,SFO,351,2565,19,15
2013,1,1,1916,-4,2053,-7,AA,N3CUAA,359,LGA,ORD,136,733,19,16
2013,1,1,1919,19,2125,18,EV,N14558,3267,EWR,CLT,105,529,19,19
2013,1,1,1921,1,2315,-4,DL,N375DA,541,JFK,PHX,314,2153,19,21
2013,1,1,1923,46,2139,54,EV,N23139,4125,EWR,GRR,116,605,19,23
2013,1,1,1923,24,2239,5,B6,N552JB,171,JFK,SMF,333,2521,19,23
2013,1,1,1925,-5,2037,-13,EV,N833AS,5742,LGA,IAD,52,229,19,25
2013,1,1,1925,25,2259,21,DL,N624AG,87,JFK,LAX,332,2475,19,25
2013,1,1,1926,16,2258,43,AA,N4XFAA,2075,EWR,DFW,248,1372,19,26
2013,1,1,1928,-2,2117,-18,9E,N8611A,4261,JFK,RDU,75,427,19,28
2013,1,1,1929,9,3,-4,UA,N27205,1071,EWR,BQN,192,1585,19,29
2013,1,1,1930,105,2233,81,DL,N3764D,503,JFK,SAN,333,2446,19,30
2013,1,1,1934,129,2126,151,MQ,N909MQ,4255,JFK,BNA,154,765,19,34
2013,1,1,1935,5,2223,40,EV,N12157,4085,EWR,OMA,209,1134,19,35
2013,1,1,1937,32,2250,25,AA,N327AA,21,JFK,LAX,332,2475,19,37
2013,1,1,1938,155,2109,166,EV,N18557,4300,EWR,RIC,68,277,19,38
2013,1,1,1939,59,29,NULL,9E,N905XJ,3325,JFK,DFW,NULL,1391,19,39
2013,1,1,1939,-1,2238,-2,AA,N3EGAA,1787,JFK,TPA,158,1005,19,39
2013,1,1,1940,35,2033,12,UA,N580UA,698,EWR,BOS,36,200,19,40
2013,1,1,1941,1,2231,-10,B6,N632JB,381,LGA,FLL,152,1076,19,41
2013,1,1,1942,157,2124,174,MQ,N835MQ,4410,JFK,DCA,60,213,19,42
2013,1,1,1945,5,2247,16,9E,N913XJ,3361,JFK,JAX,129,828,19,45
2013,1,1,1946,16,2148,14,EV,N34110,4532,EWR,CHS,106,628,19,46
2013,1,1,1949,50,2237,44,B6,N640JB,711,JFK,LAS,309,2248,19,49
2013,1,1,1952,22,2358,NULL,EV,N11194,4333,EWR,TUL,NULL,1215,20,52
2013,1,1,1952,-8,2314,-11,VX,N640VA,415,JFK,LAX,349,2475,20,52
2013,1,1,1952,22,2257,6,UA,N76523,1416,EWR,SEA,342,2402,20,52
2013,1,1,1955,-5,2145,-6,9E,N920XJ,3409,JFK,PIT,76,340,20,55
2013,1,1,1957,-8,2100,-26,9E,N8598B,4091,JFK,BWI,41,184,20,57
2013,1,1,1957,12,2307,-22,B6,N652JB,645,JFK,SFO,337,2586,20,57
2013,1,1,1957,-3,2321,11,UA,N817UA,299,EWR,DFW,233,1372,20,57
2013,1,1,1959,29,2331,25,DL,N319NB,1181,JFK,SAT,251,1587,20,59
2013,1,1,1959,-1,2310,3,UA,N76514,1233,EWR,IAH,232,1400,20,59
2013,1,1,2000,30,2255,75,EV,N12567,4361,EWR,TYS,138,631,20,0
2013,1,1,2000,0,2054,-16,9E,N836AY,3664,JFK,PHL,30,94,20,0
2013,1,1,2002,7,2306,-4,AA,N3GSAA,1709,LGA,MIA,159,1096,20,2
2013,1,1,2003,3,2302,-9,UA,N11206,1680,EWR,MIA,154,1085,20,3
2013,1,1,2006,216,2230,222,EV,N14972,4644,EWR,SAV,121,708,20,6
2013,1,1,2006,6,2132,2,UA,N12218,1271,LGA,ORD,126,733,20,6
2013,1,1,2008,73,2223,83,MQ,N527MQ,4649,LGA,MSP,163,1020,20,8
2013,1,1,2008,-7,2206,-4,MQ,N734MQ,4555,LGA,CMH,91,479,20,8
2013,1,1,2009,121,2145,123,EV,N14143,4440,EWR,PIT,65,319,20,9
2013,1,1,2012,-4,2154,-4,UA,N24715,1204,EWR,CLE,77,404,20,12
2013,1,1,2013,-2,2120,-10,AA,N3BNAA,1762,JFK,BOS,35,187,20,13
2013,1,1,2015,10,2149,5,9E,N931XJ,3320,JFK,BUF,62,301,20,15
2013,1,1,2016,46,NULL,NULL,EV,N14168,4204,EWR,OKC,NULL,1325,20,16
2013,1,1,2016,36,2215,50,MQ,N509MQ,3783,JFK,CMH,99,483,20,16
2013,1,1,2017,42,2223,47,9E,N8444F,3899,JFK,CLE,91,425,20,17
2013,1,1,2017,2,2318,-3,B6,N593JB,47,JFK,FLL,149,1069,20,17
2013,1,1,2018,-2,2314,-10,UA,N13718,1299,EWR,RSW,157,1068,20,18
2013,1,1,2020,-10,2148,-7,FL,N895AT,354,LGA,CAK,73,397,20,20
2013,1,1,2021,-4,2351,10,B6,N203JB,1069,JFK,AUS,255,1521,20,21
2013,1,1,2023,38,2240,34,9E,N602LR,3352,JFK,CVG,118,589,20,23
2013,1,1,2024,109,2328,91,B6,N607JB,359,JFK,BUR,328,2465,20,24
2013,1,1,2025,-5,2334,-14,DL,N3740C,1318,JFK,FLL,157,1069,20,25
2013,1,1,2025,-3,2358,7,UA,N76516,1615,EWR,AUS,248,1504,20,25
2013,1,1,2026,22,2157,24,EV,N11189,4224,EWR,MKE,130,725,20,26
2013,1,1,2026,56,2319,50,B6,N558JB,39,JFK,PBI,150,1028,20,26
2013,1,1,2026,31,2205,45,WN,N957WN,195,EWR,MDW,134,711,20,26
2013,1,1,2030,0,2132,-7,EV,N14203,4660,EWR,MHT,33,209,20,30
2013,1,1,2030,-15,2150,-35,AA,N545AA,371,LGA,ORD,126,733,20,30
2013,1,1,2030,-5,2354,12,B6,N192JB,629,JFK,HOU,245,1428,20,30
2013,1,1,2030,0,2308,10,B6,N267JB,115,JFK,MSY,195,1182,20,30
2013,1,1,2031,1,2344,9,UA,N822UA,834,EWR,IAH,223,1400,20,31
2013,1,1,2033,-1,2134,-17,UA,N486UA,994,EWR,BOS,35,200,20,33
2013,1,1,2035,5,2337,-28,UA,N38268,1482,EWR,LAX,333,2454,20,35
2013,1,1,2037,27,2224,34,EV,N15572,4356,EWR,RDU,78,416,20,37
2013,1,1,2040,0,2317,3,B6,N184JB,619,JFK,JAX,131,828,20,40
2013,1,1,2046,11,2144,-29,9E,N916XJ,3357,JFK,DCA,43,213,20,46
2013,1,1,2046,-4,2328,-28,UA,N414UA,926,EWR,MCO,136,937,20,46
2013,1,1,2050,51,2229,45,MQ,N853MQ,4423,JFK,RDU,83,427,21,50
2013,1,1,2052,23,2349,-1,B6,N536JB,165,JFK,PDX,331,2454,21,52
2013,1,1,2052,7,2357,-2,B6,N535JB,147,JFK,RSW,163,1074,21,52
2013,1,1,2053,-2,2254,4,MQ,N730MQ,4573,LGA,DTW,102,502,21,53
2013,1,1,2055,-5,2350,-5,UA,N441UA,380,EWR,PBI,142,1023,21,55
2013,1,1,2056,52,2156,44,EV,N12540,4170,EWR,ALB,31,143,21,56
2013,1,1,2056,72,2210,61,EV,N11536,4692,EWR,IAD,51,212,21,56
2013,1,1,2056,-4,2337,-6,B6,N510JB,399,LGA,MCO,140,950,21,56
2013,1,1,2056,-4,2240,5,MQ,N856MQ,4507,LGA,RDU,77,431,21,56
2013,1,1,2057,-3,2237,17,MQ,N521MQ,3744,EWR,ORD,133,719,21,57
2013,1,1,2058,-2,2342,25,EV,N14953,4088,EWR,SDF,136,642,21,58
2013,1,1,2058,-2,2235,5,WN,N509SW,946,LGA,MDW,134,725,21,58
2013,1,1,2058,-2,8,9,UA,N27724,1241,EWR,TPA,159,997,21,58
2013,1,1,2100,0,2307,17,MQ,N0EGMQ,4584,LGA,CLT,101,544,21,0
2013,1,1,2101,11,2156,-6,B6,N587JB,1020,JFK,BOS,34,187,21,1
2013,1,1,2102,-6,146,-12,UA,N78511,1180,EWR,SJU,199,1608,21,2
2013,1,1,2103,-7,2345,-32,DL,N3738B,1668,JFK,LAS,309,2248,21,3
2013,1,1,2107,27,2354,-5,B6,N779JB,677,JFK,LAX,323,2475,21,7
2013,1,1,2108,11,25,-14,UA,N17245,1517,EWR,SFO,354,2565,21,8
2013,1,1,2109,-6,2351,-6,B6,N796JB,529,EWR,MCO,138,937,21,9
2013,1,1,2110,50,2340,55,MQ,N532MQ,4662,LGA,ATL,127,762,21,10
2013,1,1,2115,5,2240,17,EV,N15986,4119,EWR,RIC,65,277,21,15
2013,1,1,2115,255,2330,250,9E,N924XJ,3347,JFK,CVG,115,589,21,15
2013,1,1,2116,6,2202,-10,EV,N15912,4404,EWR,PVD,28,160,21,16
2013,1,1,2119,109,2358,142,EV,N13123,4543,EWR,DSM,200,1017,21,19
2013,1,1,2120,-10,16,-2,B6,N603JB,383,LGA,FLL,160,1076,21,20
2013,1,1,2121,41,6,43,B6,N307JB,227,EWR,MCO,143,937,21,21
2013,1,1,2122,-3,2312,22,MQ,N1EAMQ,4660,LGA,BNA,153,764,21,22
2013,1,1,2128,-7,26,-24,AA,N338AA,185,JFK,LAX,338,2475,21,28
2013,1,1,2128,3,2243,3,MQ,N810MQ,4449,JFK,DCA,54,213,21,28
2013,1,1,2129,9,2342,-9,B6,N625JB,97,JFK,DEN,223,1626,21,29
2013,1,1,2134,49,20,28,UA,N27733,1106,EWR,FLL,152,1065,21,34
2013,1,1,2136,-9,25,-14,B6,N198JB,515,EWR,FLL,154,1065,21,36
2013,1,1,2140,5,210,-14,B6,N284JB,701,JFK,SJU,189,1598,21,40
2013,1,1,2157,2,43,2,B6,N537JB,43,JFK,MCO,140,944,22,57
2013,1,1,2158,-2,2254,-13,EV,N14998,4103,EWR,BWI,36,169,22,58
2013,1,1,2205,285,46,246,AA,N5DNAA,1999,EWR,MIA,146,1085,22,5
2013,1,1,2209,24,58,21,B6,N608JB,35,JFK,PBI,143,1028,22,9
2013,1,1,2209,14,2400,23,B6,N216JB,1109,JFK,RDU,86,427,22,9
2013,1,1,2211,26,2339,28,B6,N228JB,104,JFK,BUF,64,301,22,11
2013,1,1,2217,-12,249,-26,B6,N547JB,713,JFK,SJU,191,1598,22,17
2013,1,1,2217,47,140,73,B6,N516JB,21,JFK,TPA,163,1005,22,17
2013,1,1,2221,141,2331,127,EV,N13566,4462,EWR,BUF,56,282,22,21
2013,1,1,2224,24,2324,8,EV,N16561,4206,EWR,PWM,47,284,22,24
2013,1,1,2229,30,149,49,B6,N531JB,11,JFK,FLL,153,1069,22,29
2013,1,1,2240,-5,2340,-16,B6,N279JB,608,JFK,PWM,44,273,22,40
2013,1,1,2250,-5,2352,-7,B6,N521JB,1018,JFK,BOS,37,187,23,50
2013,1,1,2302,62,2342,49,EV,N13903,4276,EWR,BDL,24,116,23,2
2013,1,1,2306,21,28,23,B6,N281JB,30,JFK,ROC,59,264,23,6
2013,1,1,2307,22,32,35,B6,N178JB,128,JFK,BTV,59,266,23,7
2013,1,1,2310,15,24,9,B6,N646JB,112,JFK,BUF,57,301,23,10
2013,1,1,2312,192,21,191,EV,N13958,4312,EWR,DCA,44,199,23,12
2013,1,1,2323,83,22,69,EV,N13538,4257,EWR,BTV,44,266,23,23
2013,1,1,2326,116,131,73,B6,N594JB,199,JFK,LAS,290,2248,23,26
2013,1,1,2327,37,32,33,B6,N639JB,22,JFK,SYR,45,209,23,27
2013,1,1,2343,379,314,456,EV,N21197,4321,EWR,MCI,222,1092,23,43
2013,1,1,2353,-6,425,-20,B6,N591JB,739,JFK,PSE,195,1617,24,53
2013,1,1,2353,-6,418,-24,B6,N794JB,707,JFK,SJU,185,1598,24,53
2013,1,1,2356,-3,425,-12,B6,N588JB,727,JFK,BQN,186,1576,24,56
2013,1,1,NULL,NULL,NULL,NULL,EV,N18120,4308,EWR,RDU,NULL,416,NULL,NULL
2013,1,1,NULL,NULL,NULL,NULL,AA,N3EHAA,791,LGA,DFW,NULL,1389,NULL,NULL
2013,1,1,NULL,NULL,NULL,NULL,AA,N3EVAA,1925,LGA,MIA,NULL,1096,NULL,NULL
2013,1,1,NULL,NULL,NULL,NULL,B6,N618JB,125,JFK,FLL,NULL,1069,NULL,NULL
2013,1,2,42,43,518,36,B6,N580JB,707,JFK,SJU,189,1598,0,42
2013,1,2,126,156,233,154,B6,N636JB,22,JFK,SYR,49,209,1,26
2013,1,2,458,-2,703,13,US,N162UW,1030,EWR,CLT,108,529,5,58
2013,1,2,512,-3,809,-10,UA,N76515,1453,EWR,IAH,214,1400,5,12
2013,1,2,535,-5,831,-19,AA,N621AA,1141,JFK,MIA,156,1089,5,35
2013,1,2,536,7,840,12,UA,N493UA,407,LGA,IAH,231,1416,5,36
2013,1,2,539,-6,959,-23,B6,N624JB,725,JFK,BQN,184,1576,5,39
2013,1,2,554,-6,845,-16,B6,N637JB,125,JFK,FLL,156,1069,6,54
2013,1,2,554,-6,841,-10,B6,N658JB,49,JFK,PBI,146,1028,6,54
2013,1,2,554,-6,909,11,B6,N805JB,371,LGA,FLL,159,1076,6,54
2013,1,2,555,-5,931,21,AA,N3BEAA,707,LGA,DFW,255,1389,6,55
2013,1,2,555,-5,856,0,B6,N806JB,71,JFK,TPA,158,1005,6,55
2013,1,2,555,-5,750,-7,DL,N366NB,731,LGA,DTW,87,502,6,55
2013,1,2,556,-4,724,1,EV,N836AS,5708,LGA,IAD,54,229,6,56
2013,1,2,556,-4,837,0,DL,N618DL,461,LGA,ATL,128,762,6,56
2013,1,2,557,-8,832,9,DL,N325US,544,LGA,CVG,117,585,6,57
2013,1,2,558,-2,838,23,FL,N896AT,345,LGA,ATL,129,762,6,58
2013,1,2,558,-2,916,-15,UA,N505UA,303,JFK,SFO,341,2586,6,58
2013,1,2,559,-2,809,-52,UA,N484UA,402,EWR,LAS,289,2227,6,59
2013,1,2,559,-1,906,-1,UA,N12225,1077,EWR,MIA,157,1085,6,59
2013,1,2,600,0,814,25,EV,N13914,4334,EWR,CMH,98,463,6,0
2013,1,2,600,-5,751,-27,EV,N760EV,5147,EWR,MSP,155,1008,6,0
2013,1,2,600,0,819,4,9E,N8946A,4171,EWR,CVG,120,569,6,0
2013,1,2,600,0,846,0,B6,N529JB,79,JFK,MCO,140,944,6,0
2013,1,2,600,0,737,12,WN,N8311Q,3136,LGA,MDW,117,725,6,0
2013,1,2,600,-5,748,-17,MQ,N713MQ,4401,LGA,DTW,82,502,6,0
2013,1,2,600,0,747,12,UA,N62631,1280,LGA,ORD,125,733,6,0
2013,1,2,602,2,646,-13,US,N951UW,1833,LGA,PHL,28,96,6,2
2013,1,2,603,3,733,-12,AA,N3CRAA,301,LGA,ORD,118,733,6,3
2013,1,2,603,4,912,-4,UA,N17229,1676,EWR,LAX,341,2454,6,3
2013,1,2,605,5,851,-44,UA,N832UA,421,EWR,SFO,329,2565,6,5
2013,1,2,606,-4,846,1,DL,N387DA,1743,JFK,ATL,129,760,6,6
2013,1,2,606,-4,825,5,DL,N915DE,1919,LGA,MSP,167,1020,6,6
2013,1,2,607,-3,859,-11,AA,N5ELAA,1895,EWR,MIA,151,1085,6,7
2013,1,2,609,9,909,15,B6,N630JB,507,EWR,FLL,158,1065,6,9
2013,1,2,610,10,826,19,EV,N740EV,5310,LGA,MEM,172,963,6,10
2013,1,2,610,-5,854,10,DL,N304DQ,575,EWR,ATL,124,746,6,10
2013,1,2,611,11,756,31,WN,N235WN,1563,EWR,MDW,139,711,6,11
2013,1,2,612,12,901,11,B6,N579JB,343,EWR,PBI,146,1023,6,12
2013,1,2,612,-3,1053,-7,B6,N629JB,709,JFK,SJU,191,1598,6,12
2013,1,2,616,16,1001,44,UA,N19141,1141,JFK,LAX,354,2475,6,16
2013,1,2,617,2,837,20,US,N745VJ,1567,JFK,CLT,106,541,6,17
2013,1,2,621,11,912,-3,AA,N3EVAA,1837,LGA,MIA,155,1096,6,21
2013,1,2,622,-8,820,-10,MQ,N6EAMQ,4599,LGA,MSP,159,1020,6,22
2013,1,2,624,24,908,43,MQ,N513MQ,4650,LGA,ATL,138,762,6,24
2013,1,2,625,-5,833,3,MQ,N504MQ,4576,LGA,CLT,106,544,6,25
2013,1,2,625,-4,935,1,UA,N461UA,473,LGA,IAH,230,1416,6,25
2013,1,2,625,-5,954,8,UA,N802UA,516,EWR,DFW,249,1372,6,25
2013,1,2,626,-4,850,17,US,N445US,1019,EWR,CLT,103,529,6,26
2013,1,2,628,-2,935,3,DL,N912DE,2137,LGA,TPA,159,1010,6,28
2013,1,2,628,13,730,15,WN,N961WN,3641,EWR,BWI,42,169,6,28
2013,1,2,629,14,746,11,EV,N15574,4144,EWR,IAD,51,212,6,29
2013,1,2,629,9,844,17,EV,N11565,4460,EWR,CVG,118,569,6,29
2013,1,2,629,-1,1010,-4,US,N837AW,245,EWR,PHX,308,2133,6,29
2013,1,2,630,20,948,27,B6,N665JB,135,JFK,RSW,177,1074,6,30
2013,1,2,630,-5,948,6,DL,N969DL,1879,LGA,FLL,166,1076,6,30
2013,1,2,630,0,727,-13,WN,N7735A,4648,LGA,BWI,42,185,6,30
2013,1,2,632,-3,812,0,EV,N16987,4150,EWR,RDU,82,416,6,32
2013,1,2,632,2,941,1,UA,N521UA,387,EWR,LAX,325,2454,6,32
2013,1,2,634,4,806,-4,AA,N3DYAA,303,LGA,ORD,123,733,6,34
2013,1,2,636,-1,1012,17,UA,N38727,1276,EWR,AUS,248,1504,6,36
2013,1,2,636,5,1005,-9,UA,N406UA,908,EWR,PHX,299,2133,6,36
2013,1,2,637,-3,832,23,EV,N17108,3829,EWR,BNA,138,748,6,37
2013,1,2,637,7,1012,-6,US,N545UW,27,JFK,PHX,312,2153,6,37
2013,1,2,637,6,821,6,UA,N39297,1162,EWR,CLE,79,404,6,37
2013,1,2,640,0,732,-17,B6,N807JB,1002,JFK,BOS,34,187,6,40
2013,1,2,640,-6,926,-15,UA,N37267,1627,EWR,PBI,145,1023,6,40
2013,1,2,641,6,926,9,EV,N12996,3831,EWR,ATL,138,746,6,41
2013,1,2,641,6,1013,33,AA,N3CFAA,711,LGA,DFW,249,1389,6,41
2013,1,2,641,-6,804,-6,B6,N766JB,102,JFK,BUF,60,301,6,41
2013,1,2,641,-4,930,-5,B6,N563JB,389,LGA,MCO,142,950,6,41
2013,1,2,642,12,854,13,US,N538UW,1433,LGA,CLT,109,544,6,42
2013,1,2,647,2,849,-27,UA,N587UA,320,LGA,DEN,218,1620,6,47
2013,1,2,647,1,738,-31,UA,N821UA,785,EWR,BOS,34,200,6,47
2013,1,2,647,2,903,15,US,N565UW,926,EWR,CLT,102,529,6,47
2013,1,2,649,-6,951,-39,DL,N374DA,1415,JFK,SLC,274,1990,6,49
2013,1,2,649,-2,934,-12,UA,N464UA,392,EWR,MCO,141,937,6,49
2013,1,2,654,-6,946,-59,DL,N711ZX,1865,JFK,SFO,323,2586,7,54
2013,1,2,654,3,1003,8,UA,N78285,1701,EWR,FLL,168,1065,7,54
2013,1,2,655,-4,955,-4,AA,N5EUAA,1815,JFK,MCO,144,944,7,55
2013,1,2,655,0,929,-13,B6,N651JB,203,JFK,LAS,297,2248,7,55
2013,1,2,655,-5,1031,-3,DL,N705TW,763,JFK,LAX,317,2475,7,55
2013,1,2,655,-5,1005,-4,DL,N378NW,1383,LGA,PBI,162,1035,7,55
2013,1,2,655,-5,1015,-5,DL,N926DL,2003,LGA,MIA,161,1096,7,55
2013,1,2,656,-4,1013,6,B6,N656JB,981,JFK,FLL,162,1069,7,56
2013,1,2,656,-9,1014,34,MQ,N719MQ,4534,LGA,XNA,233,1147,7,56
2013,1,2,657,-3,806,-3,US,N945UW,2163,LGA,DCA,46,214,7,57
2013,1,2,659,-1,959,-26,VX,N626VA,399,JFK,LAX,330,2475,7,59
2013,1,2,700,30,917,37,EV,N17984,4471,EWR,CLT,102,529,7,0
2013,1,2,700,0,851,1,AA,N436AA,305,LGA,ORD,122,733,7,0
2013,1,2,700,0,1017,2,AA,N3JJAA,2279,LGA,MIA,163,1096,7,0
2013,1,2,701,-4,1001,18,DL,N339NB,1445,LGA,MSY,193,1183,7,1
2013,1,2,702,2,1054,46,UA,N574UA,756,EWR,TPA,164,997,7,2
2013,1,2,704,9,947,26,B6,N236JB,117,JFK,MSY,192,1182,7,4
2013,1,2,704,-1,908,-5,DL,N974DL,831,LGA,DTW,90,502,7,4
2013,1,2,704,4,1142,-12,UA,N37456,1152,EWR,SJU,194,1608,7,4
2013,1,2,705,35,1209,29,AA,N3GEAA,413,JFK,SJU,197,1598,7,5
2013,1,2,705,-5,827,-23,MQ,N512MQ,3737,EWR,ORD,115,719,7,5
2013,1,2,707,-8,1022,-23,AA,N3HYAA,443,JFK,MIA,160,1089,7,7
2013,1,2,709,9,1006,-8,B6,N583JB,671,JFK,LAX,327,2475,7,9
2013,1,2,712,12,945,4,DL,N541US,1547,LGA,ATL,125,762,7,12
2013,1,2,712,12,844,12,UA,N76254,1223,LGA,ORD,127,733,7,12
2013,1,2,714,-1,1026,-9,AA,N3BAAA,825,JFK,FLL,161,1069,7,14
2013,1,2,715,-6,1013,1,B6,N625JB,987,JFK,MCO,144,944,7,15
2013,1,2,715,0,1047,-25,UA,N517UA,223,JFK,SFO,341,2586,7,15
2013,1,2,719,-1,1027,-2,UA,N33284,1526,EWR,RSW,168,1068,7,19
2013,1,2,720,80,905,90,MQ,N520MQ,3768,EWR,ORD,112,719,7,20
2013,1,2,722,-3,949,-41,AS,N592AS,11,EWR,SEA,314,2402,7,22
2013,1,2,723,10,846,-3,UA,N529UA,393,EWR,ORD,114,719,7,23
2013,1,2,724,-6,1039,-36,VX,N847VA,11,JFK,SFO,344,2586,7,24
2013,1,2,727,42,1024,-4,UA,N820UA,277,EWR,SNA,338,2434,7,27
2013,1,2,728,-2,1001,9,UA,N413UA,311,EWR,DEN,251,1605,7,28
2013,1,2,729,9,846,6,FL,N982AT,850,LGA,MKE,113,738,7,29
2013,1,2,729,0,1047,8,B6,N645JB,1601,LGA,RSW,168,1080,7,29
2013,1,2,729,-1,1011,-45,DL,N3768,495,JFK,SEA,309,2422,7,29
2013,1,2,730,15,1206,0,B6,N559JB,715,JFK,SJU,187,1598,7,30
2013,1,2,732,2,1105,5,AA,N322AA,33,JFK,LAX,351,2475,7,32
2013,1,2,732,-4,914,24,B6,N506JB,44,JFK,SYR,50,209,7,32
2013,1,2,732,0,1047,7,UA,N73291,1509,LGA,IAH,230,1416,7,32
2013,1,2,733,-2,902,4,B6,N337JB,20,JFK,ROC,57,264,7,33
2013,1,2,733,-4,1043,-30,B6,N804JB,643,JFK,SFO,335,2586,7,33
2013,1,2,734,34,1045,20,WN,N485WN,20,EWR,HOU,235,1411,7,34
2013,1,2,734,2,844,-9,UA,N37408,1199,EWR,BOS,34,200,7,34
2013,1,2,737,-8,1042,6,B6,N504JB,983,LGA,TPA,162,1010,7,37
2013,1,2,738,-7,926,-4,AA,N528AA,309,LGA,ORD,121,733,7,38
2013,1,2,739,-6,1116,-9,AA,N325AA,59,JFK,SFO,353,2586,7,39
2013,1,2,739,4,1033,2,UA,N19117,1296,EWR,MCO,144,937,7,39
2013,1,2,740,0,1025,10,WN,N468WN,1581,LGA,DEN,263,1620,7,40
2013,1,2,741,-2,932,12,EV,N14542,4348,EWR,GSO,94,445,7,41
2013,1,2,741,1,1005,-14,UA,N533UA,328,LGA,DEN,220,1620,7,41
2013,1,2,743,-2,858,1,9E,N902XJ,3373,JFK,PHL,30,94,7,43
2013,1,2,744,14,1017,10,DL,N989DL,807,EWR,ATL,128,746,7,44
2013,1,2,745,15,1112,32,AA,N455AA,715,LGA,DFW,244,1389,7,45
2013,1,2,745,-1,1118,-11,UA,N37287,1668,EWR,SFO,350,2565,7,45
2013,1,2,747,-2,1051,-3,B6,N508JB,341,JFK,SRQ,167,1041,7,47
2013,1,2,750,25,1048,28,UA,N79521,1724,EWR,PBI,151,1023,8,50
2013,1,2,751,-9,942,-3,9E,N8869B,3643,JFK,PIT,68,340,8,51
2013,1,2,752,-8,956,-3,EV,N11536,4166,EWR,GSP,109,594,8,52
2013,1,2,752,-8,912,-6,EV,N21130,4233,EWR,BTV,49,266,8,52
2013,1,2,752,7,1055,13,UA,N430UA,251,EWR,IAH,215,1400,8,52
2013,1,2,754,79,900,75,EV,N22909,4241,EWR,DCA,46,199,8,54
2013,1,2,754,-1,1055,-4,DL,N361NW,2263,LGA,MCO,143,950,8,54
2013,1,2,755,-5,1100,6,B6,N703JB,517,EWR,MCO,146,937,8,55
2013,1,2,755,-5,1048,-18,B6,N509JB,3,JFK,FLL,155,1069,8,55
2013,1,2,755,-4,1037,-2,DL,N660DL,2047,LGA,ATL,123,762,8,55
2013,1,2,757,-3,1058,-29,DL,N918DL,1843,JFK,MIA,155,1089,8,57
2013,1,2,757,-2,1018,19,US,N537UW,1733,LGA,CLT,106,544,8,57
2013,1,2,758,3,1052,-18,AA,N3CNAA,2267,LGA,MIA,160,1096,8,58
2013,1,2,759,-6,901,-18,B6,N309JB,1172,EWR,BOS,38,200,8,59
2013,1,2,800,-10,1102,-14,DL,N995DL,1959,JFK,MCO,143,944,8,0
2013,1,2,801,31,1136,56,AA,N487AA,2083,EWR,DFW,241,1372,8,1
2013,1,2,801,-9,951,-4,MQ,N837MQ,4406,JFK,RDU,86,427,8,1
2013,1,2,804,-1,1039,-31,UA,N528UA,423,EWR,PDX,310,2434,8,4
2013,1,2,806,-4,1300,-15,AA,N5FTAA,655,JFK,STT,193,1623,8,6
2013,1,2,807,-3,1133,4,DL,N322US,1271,JFK,FLL,170,1069,8,7
2013,1,2,808,-2,1049,4,DL,N971DL,269,JFK,ATL,124,760,8,8
2013,1,2,808,-7,1020,4,US,N656AW,675,EWR,CLT,107,529,8,8
2013,1,2,809,-1,950,2,B6,N304JB,1051,JFK,PIT,71,340,8,9
